URL,Search Engine
https://www.spotifyinfo.app/,Google
https://spotify.en.uptodown.com/android,Google
https://play.google.com/store/apps/details?id=com.spotify.music&hl=en_IN,Google
https://spotify.en.download.it/android,Google
https://apkpure.net/spotify-music-and-podcasts-for-android/com.spotify.music,Google
https://www.spotify.com/id-id/download/android/,Google
https://translate.google.com/translate?u=https://www.spotify.com/id-id/download/android/&hl=en&sl=id&tl=en&client=search,Google
https://bestforandroid.com/apk/spotify-premium-mod-apk/,Google
https://www.apkmirror.com/apk/spotify-ab/spotify-music-and-podcasts-amazon-fire-tablet-version/spotify-music-and-podcasts-amazon-fire-tablet-version-9-0-26-632-release/,Google
https://spotify-muzik-dan-podcast.en.aptoide.com/app,Google
https://play.google.com/store/apps/details?id=com.spotify.lite&hl=en,Google
https://spotigurus.com/,Google
https://spotfyx.com/,Google
https://open.spotify.com/,Google
https://apkpure.com/spotify-music-and-podcasts-for-android/com.spotify.music,Google
https://www.viwizard.com/spotify-music-tips/revanced-spotify.html,Google
https://apps.apple.com/us/app/spotify-music-and-podcasts/id324684580,Google
https://github.com/r3mz0/Spotify-win,Google
https://www.reddit.com/r/Piracy/comments/1gzhnny/spotify_modapk/,Google
https://spotify.fileplanet.com/apk,Google
https://xmanager.app/,Google
https://www.spotify.com/us/download/windows/,Google
https://spotify-premium-apk.en.filerox.com/android/old-versions,Google
https://spowlo.com/,Google
https://spotube.krtirtho.dev/downloads,Google
https://apkpure.com/spotify-music-and-podcasts-for-android/com.spotify.music/download/9.0.28.630,Google
https://spotifymode.com/,Google
https://happymod.com/spotify-music-907-13-mod/com.spotify.music/com.mod.spotify-ab-mod-apk-19-10-80-1.html,Google
https://spotify.en.uptodown.com/android/download,Google
https://github.com/KRTirtho/spotube,Google
http://spotify.en.greenxf.com/,Google
https://www.reddit.com/r/xManagerApp/new/,Google
https://spotimody.com/,Google
https://download.cnet.com/spotify-music/3000-android-spotify.html,Google
https://liteapks.com/spotify-2.html,Google
https://spotifypremiumapk.com.co/,Google
https://spotify.en.download.it/android/download,Google
https://rexdl.com/android/spotify-premium-apk.html/,Google
https://blackholemusicapp.com/,Google
https://spotiflyer.app/,Google
https://spotify-premium.apktodo.io/,Google
https://spotify-music-for-android-tv.en.aptoide.com/app,Google
https://spotify-premium.apktodo.io/,Google
https://spotube.krtirtho.dev/,Google
https://spotify.en.softonic.com/download,Google
https://www.malavida.com/en/soft/spotify/android/,Google
https://www.apkshub.com/app/com.spotify.music,Google
https://www.apkmonk.com/app/com.spotify.music/,Google
https://www.spotify.com/id-id/download/windows/,Google
https://translate.google.com/translate?u=https://www.spotify.com/id-id/download/windows/&hl=en&sl=id&tl=en&client=search,Google
https://spotify-premium-apk.en.filerox.com/android,Google
https://spotify-music-for-android-tv.en.softonic.com/android,Google
https://gamedva.com/spotify-premium-apks,Google
https://apkpure.net/spotify-music-and-podcasts-for-android/com.spotify.music/download/8.9.56.618,Google
https://www.apkmirror.com/apk/spotify-ltd/spotify-music-and-podcasts-fire-tv/spotify-music-and-podcasts-android-tv-1-76-1-release/spotify-music-and-podcasts-android-tv-1-76-1-android-apk-download/,Google
https://www.softportal.com/en/spotify/android/software,Google
https://apkbros.com/spotify-premium-apk/,Google
https://getmodsapk.com/spotify-music-mega-mod-apk/,Google
https://modder.me/spotify-premium-3.html,Google
https://www.spotifyinfo.app/spotify-x/,Google
https://spotify-apk.modfyp.com/,Google
https://www.appisfree.com/detail/com.spotify.music,Google
https://www.spotiwaves.com/,Google
https://moddroid.com/apps/videomusic/spotify-premium-apk/,Google
https://spotigeek.com/spotify-premium-apk-download/,Google
https://spotihifi.com/,Google
https://spotigurus.com/spotify-mod-apk-old-version/,Google
https://apkdroid.com/spotify/,Google
https://apkdone.com/spotify-mod/,Google
https://en.wikipedia.org/wiki/Spotify,Google
https://www.malavida.com/en/soft/spotify-x/android/,Google
https://spotifypremiumapk.com.co/old-versions/,Google
https://support.spotify.com/us/article/supported-devices-for-spotify/,Google
https://modyolo.com/spotify-lite.html,Google
https://liteapks.com/spotify-x.html,Google
https://spotipremium.com.co/,Google
https://spotifymode.com/download/,Google
https://spotify-android.en.programy.net.pl/,Google
https://getmodsapk.com/spotify-x-mod-apk/,Google
https://apkmody.com/apps/spotify,Google
https://blackholeapk.in/,Google
https://spicetify.app/,Google
https://m.happymod.com/spotify-music-433-14-mod/com.spotify.music/downloading.html,Google
https://apkals.com/download/spotify-apk/,Google
https://spotiflyer.app/download/,Google
https://captain-droid.com/en/apps/audio/spotify-music/download/,Google
https://support.spotify.com/in-en/article/updating-spotify/,Google
https://apkdone.com/spotify-mod/download/9-0-34-101-601952/,Google
https://modyolo.com/spotify-music-2.html,Google
https://bestforandroid.com/apk/spotify-music-original-apk/,Google
https://www.liteapkz.com/spotify/,Google
https://spotify.en.softonic.com/android,Google
https://spotifipremiumapks.com.br/,Google
https://translate.google.com/translate?u=https://spotifipremiumapks.com.br/&hl=en&sl=pt&tl=en&client=search,Google
https://cafebazaar.ir/app/com.spotify.music?l=en,Google
https://connect.spotify.com/tv,Google
https://spotifymod.com.in/download/,Google
http://spotify.en.greenxf.com/download,Google
https://www.spotify.com/in-en/premium/,Google
https://www.apk4fun.com/apps/com.spotify.music/,Google
https://apkcombo.com/hi/spotify/com.spotify.music/,Google
https://apksim.com/apps/music-and-audio/spotify-apk.html,Google
https://www.spotify.com/in-en/download/android/,Bing
https://spotify.en.uptodown.com/android,Bing
https://apkpure.com/spotify-music-and-podcasts-for-android/com.spotify.music,Bing
https://apkpure.com/spotify-music-and-podcasts-for-android/com.spotify.music/download,Bing
https://apkpure.net/spotify-music-and-podcasts-for-android/com.spotify.music,Bing
https://www.techspot.com/downloads/6773-spotify-for-android.html,Bing
https://gizmodo.com/download/spotify,Bing
https://www.apkmirror.com/apk/spotify-ab/,Bing
https://www.spotify.com/in-en/download/windows/,Bing
https://apkpure.net/de/spotify-music-and-podcasts-for-android/com.spotify.music,Bing
https://apkpure.com/de/spotify-music-and-podcasts-for-android/com.spotify.music,Bing
https://www.spotify.com/us/download/windows/,Bing
https://apkpure.com/br/spotify-music-and-podcasts-for-android/com.spotify.music,Bing
https://windows.apkpure.com/spotify,Bing
https://apkpure.com/cn/spotify-music-and-podcasts-for-android/com.spotify.music,Bing
https://apkpure.com/es/spotify-music-and-podcasts-for-android/com.spotify.music,Bing
https://open.spotify.com/download,Bing
https://www.spotify.com/in-en/download/other/,Bing
https://spotify.de.uptodown.com/android,Bing
https://apkpure.net/cn/spotify-music-and-podcasts-for-android/com.spotify.music,Bing
https://www.spotify.com/de/download/android/,Bing
https://apkpure.net/spotify-music-and-podcasts-for-android/com.spotify.music/download,Bing
https://www.spotify.com/us/download/other/,Bing
https://www.spotify.com/id-en/download/android/,Bing
https://www.liteapkz.com/spotify/,Bing
https://apkpure.net/es/spotify-music-and-podcasts-for-android/com.spotify.music,Bing
https://apkcombo.com/it/spotify/com.spotify.music/,Bing
https://apkpure.com/fr/spotify-music-and-podcasts-for-android/com.spotify.music,Bing
https://apkpure.com/it/spotify-music-and-podcasts-for-android/com.spotify.music,Bing
https://spotify.fileplanet.com/apk,Bing
https://an1.co.in/spotify-premium-mod-apk-free/,Bing
https://5play.org/en/2304-spotify-music.html,Bing
https://www.spotify.com/mx/download/android/,Bing
https://apkpure.net/tw/spotify-music-and-podcasts-for-android/com.spotify.music,Bing
https://spotify.en.softonic.com/android,Bing
https://spotiifyapk.com/,Bing
https://apkpure.com/cn/spotify-music-and-podcasts-for-android/com.spotify.music/download,Bing
https://download.cnet.com/spotify-music/3000-android-spotify.html,Bing
https://www.spotify.com/tv/download/android/,Bing
https://www.spotify.com/hk-zh/download/android/,Bing
https://apkpure.com/spotify-music-and-podcasts-for-android/com.spotify.music/tv,Bing
https://apkcombo.com/es20/spotify/com.spotify.music/,Bing
https://apkpure.com/spotify-lite/com.spotify.lite,Bing
https://play.google.com/store/apps/details?id=com.spotify.music&hl=en,Bing
https://www.malavida.com/en/soft/spotify-x/android/,Bing
https://www.spotify.com/es/download/android/,Bing
https://www.spotify.com/tl-en/download/android/,Bing
https://www.spotify.com/tw/download/android/,Bing
https://play.google.com/store/apps/details?id=com.spotify.music&hl=en-IN,Bing
https://spotify.br.uptodown.com/android/download,Bing
https://www.malavida.com/en/soft/spotify/android/,Bing
https://spotify-lite.en.uptodown.com/android,Bing
https://spotify.en.uptodown.com/android/download,Bing
https://play.google.com/store/apps/details?id=com.spotify.music&hl=en_US,Bing
https://spotify.uptodown.com/android/descargar,Bing
https://www.appbrain.com/app/spotify-lite/com.spotify.lite,Bing
https://apkpure.com/spotify-music-and-podcasts-for-android/com.spotify.music/versions,Bing
https://spotify.fileplanet.com/apk/download,Bing
https://www.spotify.com/sg-en/download/android/,Bing
https://spotifiends.com/spotify-premium-pc/,Bing
https://apkpure.net/spotify-music-and-podcasts-for-android/com.spotify.music/tv,Bing
https://www.webassistanceita.com/spotify-premium-apk/,Bing
https://spotify-muzik-dan-podcast.es.aptoide.com/app,Bing
https://windows.apkpure.com/spotify/download,Bing
https://www.apkmirror.com/apk/spotify-ltd/spotify-music-and-podcasts-amazon-fire-tablet-version/spotify-music-and-podcasts-3-8-9-24-633-release/spotify-music-and-podcasts-8-9-24-633-android-apk-download/,Bing
https://apkcombo.com/spotify/com.spotify.tv.android/,Bing
https://spotify.en.softonic.com/,Bing
https://spotiflyer.app/,Bing
https://spotify.id.uptodown.com/android,Bing
https://apkpure.com/vn/spotify-music-and-podcasts-for-android/com.spotify.music,Bing
https://spotify.en.uptodown.com/android/versions,Bing
https://spotify-ltd-spotify.en.uptodown.com/android,Bing
https://spotify.uptodown.com/android,Bing
https://apkpure.com/spotify-for-android-tv/com.spotify.tv.android,Bing
https://spotify-lite.en.softonic.com/android,Bing
https://github.com/orkonung/xManager_Spotify,Bing
https://apkpure.com/tw/spotify-music-and-podcasts-for-android/com.spotify.music,Bing
https://apkpure.com/tr/spotify-music-and-podcasts-for-android/com.spotify.music,Bing
https://spotihax.com/spotify-premium-apk/,Bing
https://play.google.com/store/apps/details?id=com.spotify.music&hl=en_IN,Bing
https://www.apkmirror.com/apk/spotify-ltd/spotify-music-and-podcasts-amazon-fire-tablet-version/spotify-music-and-podcasts-amazon-fire-tablet-version-8-9-68-456-release/spotify-music-and-podcasts-amazon-fire-tablet-version-8-9-68-456-android-apk-download/,Bing
https://spotify.cn.uptodown.com/android,Bing
https://apkcombo.com/spotify/com.spotify.music/download/apk,Bing
https://spotify.en.uptodown.com/windows,Bing
https://download.happymod.com/spotify-music-433-14-mod/com.spotify.music/,Bing
https://getmodsapk.com/spotify-music-mega-mod-apk/,Bing
https://spotify.br.uptodown.com/android,Bing
https://apkcombo.com/de/spotify/com.spotify.music/,Bing
https://spotify-lite.en.aptoide.com/app,Bing
https://spotify.fr.uptodown.com/android,Bing
https://spotify.en.download.it/android/,Bing
https://www.spotify.com/uk/download/windows/,Bing
https://www.apkmirror.com/apk/spotify-ab/spotify-music-and-podcasts-fire-tv/,Bing
https://spotify-muzik-dan-podcast.en.aptoide.com/app,Bing
https://spotify.tr.uptodown.com/android,Bing
https://rexdl.com/android/spotify-premium-apk.html/,Bing
https://www.spotify.com/in-en/download/android/,Yahoo
https://spotify.en.uptodown.com/android,Yahoo
https://in.video.search.yahoo.com/search/video;_ylt=Awr1TYMvUvZnPAIAm.a7HAx.;_ylu=Y29sbwNzZzMEcG9zAzEEdnRpZAMEc2VjA3Nj?p=spotify+apk+download,Yahoo
https://apkpure.com/spotify-music-and-podcasts-for-android/com.spotify.music,Yahoo
https://apkpure.com/spotify-music-and-podcasts-for-android/com.spotify.music/download,Yahoo
https://apkpure.net/spotify-music-and-podcasts-for-android/com.spotify.music,Yahoo
https://www.techspot.com/downloads/6773-spotify-for-android.html,Yahoo
https://xdaforums.com/tags/spotify/,Yahoo
https://yourstory.com/2024/04/spotify-music-streaming-success,Yahoo
https://apkpure.com/spotify-music-and-podcasts-for-android/com.spotify.music,Yahoo
https://gizmodo.com/download/spotify,Yahoo
https://www.spotify.com/za-en/download/android/,Yahoo
https://www.spotify.com/us/download/android/,Yahoo
https://www.spotify.com/sg-zh/download/android/,Yahoo
https://apkcombo.com/spotify/com.spotify.music/,Yahoo
https://www.spotify.com/id-id/download/android/,Yahoo
https://www.apkmirror.com/apk/spotify-ab/,Yahoo
https://apkpure.net/it/spotify-music-and-podcasts-for-android/com.spotify.music,Yahoo
https://www.spotify.com/in-en/download/windows/,Yahoo
https://apkpure.net/de/spotify-music-and-podcasts-for-android/com.spotify.music,Yahoo
https://apkpure.com/de/spotify-music-and-podcasts-for-android/com.spotify.music,Yahoo
https://www.spotify.com/us/download/windows/,Yahoo
https://www.spotify.com/id-id/download/windows/,Yahoo
https://apkpure.com/br/spotify-music-and-podcasts-for-android/com.spotify.music,Yahoo
https://spotify.it.uptodown.com/android,Yahoo
https://windows.apkpure.com/spotify,Yahoo
https://apkpure.com/it/spotify-music-and-podcasts-for-android/com.spotify.music/download,Yahoo
https://apkpure.com/cn/spotify-music-and-podcasts-for-android/com.spotify.music,Yahoo
https://apkpure.com/es/spotify-music-and-podcasts-for-android/com.spotify.music,Yahoo
https://open.spotify.com/download,Yahoo
https://www.spotify.com/in-en/download/other/,Yahoo
https://www.spotify.com/tr-tr/download/android/,Yahoo
https://spotify.de.uptodown.com/android,Yahoo
https://apkpure.net/cn/spotify-music-and-podcasts-for-android/com.spotify.music,Yahoo
https://www.spotify.com/br-pt/download/android/,Yahoo
https://www.spotify.com/de/download/android/,Yahoo
https://apkpure.net/spotify-music-and-podcasts-for-android/com.spotify.music/download,Yahoo
https://www.spotify.com/sg-zh/download/other/,Yahoo
https://www.spotify.com/br-pt/download/windows/,Yahoo
https://www.spotify.com/us/download/other/,Yahoo
https://www.spotify.com/id-en/download/android/,Yahoo
https://www.liteapkz.com/spotify/,Yahoo
https://apkpure.net/es/spotify-music-and-podcasts-for-android/com.spotify.music,Yahoo
https://apkcombo.com/it/spotify/com.spotify.music/,Yahoo
https://apkpure.com/de/spotify-music-and-podcasts-for-android/com.spotify.music/download,Yahoo
https://apkpure.com/fr/spotify-music-and-podcasts-for-android/com.spotify.music,Yahoo
https://apkpure.net/cn/spotify-music-and-podcasts-for-android/com.spotify.music/download,Yahoo
https://apkpure.com/it/spotify-music-and-podcasts-for-android/com.spotify.music,Yahoo
https://apksim.com/it/apps/music-and-audio/spotify-premium-apk.html,Yahoo
https://www.spotify.com/it/download/android/,Yahoo
https://spotify.fileplanet.com/apk,Yahoo
https://an1.co.in/spotify-premium-mod-apk-free/,Yahoo
https://apkpure.com/br/spotify-music-and-podcasts-for-android/com.spotify.music/download,Yahoo
https://5play.org/en/2304-spotify-music.html,Yahoo
https://www.spotify.com/mx/download/android/,Yahoo
https://apkpure.net/tw/spotify-music-and-podcasts-for-android/com.spotify.music,Yahoo
https://apkpure.net/fr/spotify-music-and-podcasts-for-android/com.spotify.music,Yahoo
https://spotify.en.softonic.com/android,Yahoo
https://apkpure.com/nl/spotify-music-and-podcasts-for-android/com.spotify.music,Yahoo
https://apkpure.com/id/spotify-music-and-podcasts-for-android/com.spotify.music,Yahoo
https://spotiifyapk.com/,Yahoo
https://apkpure.com/cn/spotify-music-and-podcasts-for-android/com.spotify.music/download,Yahoo
https://download.cnet.com/spotify-music/3000-android-spotify.html,Yahoo
https://github.com/revinewyd/SpotifyPremium,Yahoo
https://github.com/whoeevee/EeveeSpotify/releases,Yahoo
https://www.spotify.com/tv/download/android/,Yahoo
https://www.spotify.com/hk-zh/download/android/,Yahoo
https://apkpure.com/spotify-music-and-podcasts-for-android/com.spotify.music/tv,Yahoo
https://apkcombo.com/es20/spotify/com.spotify.music/,Yahoo
https://apkpure.com/spotify-lite/com.spotify.lite,Yahoo
https://play.google.com/store/apps/details?id=com.spotify.music&hl=en,Yahoo
https://www.malavida.com/en/soft/spotify-x/android/,Yahoo
https://techbigss.com/spotify-premium-apk-mod/,Yahoo
https://apkpure.net/spotify-music-and-podcasts-for-android/com.spotify.music,Yandex
https://spotify.en.uptodown.com/,Yandex
https://spotify-muzik-dan-podcast.en.aptoide.com/,Yandex
https://trashbox.ru/link/spotify-android,Yandex
https://github.com/spotify-pro-apk,Yandex
https://apkmody.com/apps/spotify,Yandex
https://spotifypremiumapk.com.co/,Yandex
https://www.spotifyinfo.app/,Yandex
https://spotiapkmod.com/download-spotify-premium-mod-apk/,Yandex
https://9mod.com/spotify.html,Yandex
https://yabs.yandex.ru/count/WdeejI_zOoVX2Ld_0MKJ0FFZYzum0RrfzqJC3m5l1GHqwFEvtDcp_SwTDzpv-XslDzpX6XKj9P4OibQDY4Wi8OqGEgBMHLOP0-o0APjF61TSpIHHUWWKiRXBC0OTHoCygZObZrPToZfRlqMAYs6S5LQMM4Thef79uKffBWGTfWQsUXGfe0bTGBW2oGAuAxuSAK2xuWjU0TeLNumKe5tnvQu0xOekYmLeLtInKe1sHHV50hGhkbGfGBkYIxa0xOekL0hGhkYIM81snHSZELyJIR8s7CWGOu6Shb9PMPSFOV_1wprmdzEQEbG36frAdz0RpvyszFd4RniAjMixUaFpfrHgHwSsZalj5JZOc1vOgHz7wDAKt7XFOBFSlfr74BQRtSj3smX7Vixd6oORxmKyczq7Ocq01x21Yq3S9E5Mqku9eLZ3thHZaaIhOKjFrPHdQBPjE0mVIAiX8O2l5L-C1B1rGAlTYoWE7kfYSqNYgZ1eWQ8KWSkxsbhSix1bwhhED4Ecmveyz2XiFGKTPaBPmbMLaHXoqyVeC5yENR09c502WI9C5qZkym5TtoHewbt0Qt8lu3NtvJVmXsUES3_uWwx_NL7tlIlgFdU3lR_JZdnVItCVVvRcFZBDz8uli_oho9ZZ2ebTI37EM10eUiSP2m95RsaiN_PfW7o2dkpxi1oA_PZsO0Im1W___3T74oI3PCacI0R9NklrU0HcjNov0WMBZXuzbcYNZxbIgLJAW6nnWHsZOw3FohzYnmWD2CYGC0CJ_1PcCVy1ZamN14vcGIn-XCm5KrYsRnllDfgKwklGqaG7b2opm5_KG47B14BNeWbJN5IuEvCGLGa3~2?etext=2202.71MYF0a9NXfEcp06CpNIMMqmhBiUgQsaydn-8yPfXY5neHZremd1dm5lZXZhZmhk.65cbd81af3796977ce457e12aef46ee6ca5fb4b5&from=yandex.com%3Bsearch%26%23x2F%3B%3Bweb%3B%3B0%3B&q=spotify+apk+download,Yandex
https://spotifymod.app/,Yandex
https://androidloading.com/en/703-spotify.html,Yandex
https://apkmodct.com/spotify-premium-apk/,Yandex
https://modspoti.com/,Yandex
https://spotigeek.com/spotify-premium-apk-download/,Yandex
https://apkpure.com/spotify-music-and-podcasts-for-android/com.spotify.music,Yandex
https://liteapks.com/spotify-2.html,Yandex
https://passgame.ru/spotify/,Yandex
https://apkpure.co.in/spotify-plus-apk/,Yandex
https://spotiflyer.app/spotify-mod-apk/,Yandex
https://yabs.yandex.ru/count/WeeejI_zOoVX2La60kKJ06CbaTum0RrfzqJC405l1GHqwFEvtDcp_SwTDzpv-XslDzpX6XKj9P4OibQDY4Wi8OqGEgBMHLOP0-o0APjF62sccAwKIfW1HjZ0u851nz48ZwfDoQDLbxBErc-Huc8OPuML9TRHccXaShXIcWj1Xwc1hHv52cX25n2kGB80xeelHmhGhlY2Lu1snHSZ1MXNVBahGBkYos81sXLTh1IWNT55iG3jYYvL2j2kw58kGBkY2vK2j2kw91QWNV75ICxNX9vNZB0J95xaT9NAohfy2FiFNk-1-vpMrA4QJ-Wp2hNpP_vqslSzVKPhf_Hvuz5xQaUdDevBRGbmi34zi58_Zj2bARdndi1ckNqxZo1iDxi3C8BC2Wquds-ORBmNy6ns7uYr0Hp01Yu2SPE4Mqcx9uHY3NlJZaaIhOOjFLLJdk6mnHL2vSyHo1qDbwRPjk4mV22jXeG0lbPyCHB0rW6jTY-YE7YeYyqLYQl2e0MAKWGkxsfhSS_2bgdhEjCCcGvhyj2ZiFKKT9W9PGjNLKPYo4qT2sRIiNgCc8xHORuSka1XsE04Cm1C5qZkym5TtoHewbt0Qt8lu3NtvJVmXsUES3yuHfF_NL7tlIlgFdU3lR_Ju_BNqjp7dwMvZqmpdVt1BDFYB7DS8R4BAQORcVHOXWRZZ0M1edUSiI1Gz9R6ycMV1iWdwCc-3ykXs8zf3qO0Q_3mptzpD44oI9PiWcIGxBLUZqTWLikNAr2mwEZHOubs-PWhbKgb3CWML7lPLFu-mWvu_CKXCW8H_9PfCVy1UE7wmgC74XOVANF94dQu7rt63MxxrA43_D8vT3nIeBnIHOiQJUCopzcD_Ogh4000~2?etext=2202.O3FUMGczAm1tgkD2OFJqYM_X_ndkbct0m0rhjigM5VdpZ2NobWRxcHBhamJvb2pk.38658ab95fbc9efce38816c616f8450266b93f08&from=yandex.com%3Bsearch%3Bweb%3B%3B0%3B&q=spotify+apk+download,Yandex
https://yabs.yandex.ru/count/WkyejI_zOoVX2Ldi0WqN06Efdzum0RrfzqJC407lHq27Ff_BdJtRxznvmvslt_5wmnskYXo4ZGAVWd2Y036zfTCdr7a_fyux6isXqTmM8lgnAWab_L1f855h62dzN96iHpytdYIIbcuC7TL9DApL8keD4ab5Ha9AHq98GKb0IxLIq5BL2Ec8X1N9I2bfXDBLA6a9oN47JDbymcWnnNIbLC8CCC861WyCEev-PqEKSWRov4gBpjPB5ScwsNL9KYM5oU5AQIw45L-E5A1TyGMl0EsABqOAqAxuSbU0TaMNnGAqAxfOAK2xeejY0TeLNQeKe5tHfLo0TaKNAWLeLtH9B42xuekHdA-9Rfu98Cm9HdAwIdbCl81GjqTfW-pZ2pB0zpcjgKCrdj1d56hdp_pfjEzx-epMJkdpngFtr8vERHoNsXBWO6DwOAL-7A5BKtBZvU3qvu2L5JbINListWjuM1l00MpW9Y3vM4Mu4zez8HHhs9jsJ9AyFI4Ph15ZSD9tlKRdiCKLGkNF4SWT3PUcsRRXC7mWhOQ40BvMV34ImDO1NRiNKHmyrCNcYiHLOT3IEdOhKV0kc86Y587BkzfQtBEmPUgwpZH3fiEQFC8Kjb5XvXXoKyU2cNIi7YEcOtGENQ0mR7226G2c2oJt-O2kRn8qzIxWDRaNy9fx0b9SF-o577domNJMr__IM1tVIsDrV2xjrkJlCNbrNml31VkpC5omJBEAACoo1_A4EMOklSpbNY6n2occ6vdqM8O6Sy12qaZl7B2GDDBRfQ0l-wijMLXFzalKg1RzcFPW1BhUcYZwxpr5_oBhRrRmlDRhYUiaxPAaxTX2nF2n2ru-vagbKYa3iWNLNYugVzROq_al3f4H8FnOsiNv5-aO53O33Xqvh1sauesC95Vy5UJ-LT_wXWtMYUHImDgA8eP5ho0L319XjcVh6jwFRsGpEVhHm_wj8I4GEA9QLvqh-Cqvu0BCy5DdVU3fQuH5X_gPiXjZ2lSu~2?etext=2202.O3FUMGczAm1tgkD2OFJqYM_X_ndkbct0m0rhjigM5VdpZ2NobWRxcHBhamJvb2pk.38658ab95fbc9efce38816c616f8450266b93f08&from=yandex.com%3Bsearch%3Bweb%3B%3B0%3B&q=spotify+apk+download,Yandex
https://an1.ca/spotify-mod-apk/,Yandex
https://spotify-apk.modfyp.com/,Yandex
https://modded-1.com/apps/music-audio/spotify-premium,Yandex
https://spotifyapk.net/,Yandex
https://pdalife.to/spotify-music-android-a16025.html,Yandex
https://apkdone.com/spotify-mod/download/,Yandex
https://spotigurus.com/,Yandex
https://www.malavida.com/en/soft/spotify/android/,Yandex
https://bestforandroid.com/apk/spotify-premium-mod-apk/,Yandex
https://5play.org/2304-spotify-music.html,Yandex
https://yabs.yandex.ru/count/WemejI_zOoVX2La70lKJ09EbaTum0RrfzqHC2WBU2WZeqETpkRDd-vqxRxZpzJjURxZ3DIfQIY8nPAqQ4P5OGXeXT4IjYwmo1jW1KpQVC5hiD0MbXo3B1aK2-33eE1hXKRKfURJgKjRP-YrIN0pZhB2on3fQ4urC3bTASo7eC3MmrQD80Kte0i8LI1R0NV7bI07Q5L_m2j2k-6Aa0EsABtS5Q5TqMIn0kwABbGAqAxee5g1TqQLA0TeLNSe5Q5TqeLA0TaMNn0AqAxuOoVcQqEC-iRc5JZbTfRAoBX_2_eFNU-0-fpLrg8RqARMVqNmQXKgZKUSJpt6eNTzJf_CvnQTsT6hZkDHUWOEDwO6L-d64Bat9ZVS4Diljsta4ORlPhVJfM1DtE9zlc6oy5_1iTX-8jG4Sm0Ok0d6JX5j9koU4OWrxquv94gs6BJrLKvxXiCKLGkNF4SWT3PUcsRRXC7mWhOQ40BvMV34ImDO1hNOleZXug8lD5Ochmg05Yb84BkzgQt7FmfQfwphJ39aEQ_BGex3r57IO2MKBLrL6OiXD7Gjcqh5wZ9YEqM6-7Bf0VO3X2mHPOBf0SfyFwFecGLFl0bwJUm6lkI-_WJyySuJxmJ6e_E-AkkzTKVUv6-pzdNwYzhKqz_5dQUuZq-oVe37BD1aaSrmXiGiffXkRz5Y61kEC1O6YTvon853qbiRoPPy6o2VeoRuFow7OZsaFHW1hyF3FVtCqGJ98bco2P93ijLwFHs1MovShKB3ewD5ZYNRvc2kLIgKCo1P1zX96-Qa4G59nYQQc217y5cen_m6ER1S4ZcP1M7w4p2LJsE6-kupRtFQfJuVvfNF0yKY1maeLBGgQZ4iyPpVsAwX2~2?etext=2202.zE73kO74qvITLf_QnWtmWuOkeXwh8N8K9tiurYgqPHBnZWhwb2R0Y3F0a3JxZ3Fw.f81e19b0f3688ac2c35480798a6fa92811569354&from=yandex.com%3Bsearch%3Bweb%3B%3B0%3B&q=spotify+apk+download,Yandex
https://yabs.yandex.ru/count/WlWejI_zOoVX2Ldj0bKN03Dgejum0RrfzqHC2WBUZu0EVJwNEtkstxdpXZjVl-FrXZjS5Ja86mK-1U540M9wIwTFgFD-JfrtD9f3exajHFHZLH9A-g7IGABMC5BwkI9PZtvkF4aaBTqOEggJQ5YhHTGR99AAZ8IKZeIGWfA0bf98o30QeYfHWsgbeAMg4T8H2IkIaLBI2AMhKT8IakCEcBBvXD5YfoaeFGHPDYWIm8T1nz7lR8XIpa2UN6dHsNgf8batkov9ggGmELmfpOMmuikH0hGhlk0Le5tnnKW1sXLVxWhGhkYoM81sHHSh1MXNT54iGBkYIvK2j2kwb0lGhkX2fG3jYYw91MXNV36IypNH5Vjb7sr-JbSfZuaN4EhsA6sGVNn11lW-fpLrg8RqARMVqNmQXKgZKUSJpt6eNTzJf_CvnQTsT6hZkDHUWOEDwO6L-d64Bat9ZJS44XBlz7EELDUMZVS27jO6S00Rk0b8FbOHxeHsJmZ56lQc7PCaRqz81cl469pqNQ_HEMnnXL3vSmHoHyEbQRPjE0mVIAiX8O2l5L-C1B1rGDVkHRpYuA4kDbSahWg3bjQnMuc2Ty4C5AK8NDxLrkAUXIrJrtMc6J8TrkGHfh2D2ZF7a9iw5ioaO_KOCHsZS-W2zG66Bn1aWUa2oNq-eEkR14sz2tXDxWMyvfw05DSFUo57ddmmdINultIKr_VIKLwVIzlL_JqcxFMrCJ-sFnlpOyiqey1ZbZtJ8dFCN7gPoxr2OXTIJ3SswR4C3UQ0XQIHtZbW8Mcajqj1N_PNMxAmdkoNg54j-Z7jmGXqlJLHzDzxYlv5rj-iu7cjrnFNITebITknXOZXOnUyVCoLIgLI1cIB87jvHVaH0t1rBz7K504V_5ZYnVatwHWKDmCEBJciNQJYZPGaLnnPaACwR41pB5ULedJA643FWd3mmol7YzCKpdkaZYoSZUtQyxurV2C3X_UkEXbTN-SG8Z03Pf3rWMkP4HQbTnEEtLY8h8G1~2?etext=2202.zE73kO74qvITLf_QnWtmWuOkeXwh8N8K9tiurYgqPHBnZWhwb2R0Y3F0a3JxZ3Fw.f81e19b0f3688ac2c35480798a6fa92811569354&from=yandex.com%3Bsearch%3Bweb%3B%3B0%3B&q=spotify+apk+download,Yandex
https://bestforandroid.com/apk/spotify-premium-mod-apk/,Yandex
https://androeed.ru/files/spotify-slushai-muziku.html,Yandex
https://root-device.com/programs/multimedia/609-spotify-premium.html,Yandex
https://apkguru.org/612-spotify,Yandex
https://gamedva.com/spotify-premium-apks,Yandex
https://apkapp.ru/5070-spotify-premium.html,Yandex
https://spotifymode.com/,Yandex
https://apkbigs.com/spotify-premium-apk-3/,Yandex
https://wap4you.ru/1386-spotify-premium.html,Yandex
https://apkmentor.org/spotify-premium-apk/,Yandex
https://yabs.yandex.ru/count/WeeejI_zOoVX2La70kKJ09CbaTum0RrfzqIi2WBU2WZeqETpkRDd-vqxRxZpzJjURxZ3DIfQIY8nPAqQ4P5OGXeXT4IjYwmo1jW1KpQVC5mmMy1GUWZCPM0h0J3eE1hXKRKfURJgKjRP-YrIN0pZhB2on3fQ4urC3bTASo7eC3MmrQD80Kte0i8LI1R0NV7bI07Q5L_m2j2k-6Aa0EsABtS5Q5TqMIn0kwABbGAqAxee5g1TqQLA0TeLNSe5Q5TqeLA0TaMNn0AqAxuOoVcQG1B6LMBqPJAdgrHMrkL3s7_mUW_SvxIc3jLmvhWDjV4yjw7I_BwVKVjfryvdzCvns_cCJcqSbzehSB0nFR1IFuxGfIcvyPx0PhbzEuyWR3TxTz18oLHuFjymsNWluDdiFX1h0pY03Lm4uYO9jv9sJmZ56lQc7PCaMWrRUggcFCDXYok4ofyZa3iQBaspRSDX-41Q3Ga1VAtuOYI0hGDQxLv4SV1G5vih4bU5GGiKfGXStjNMufw5BLFNTQOPCXtMvA57OUifw30JoXQkgep4a9iw5ioaO_KOCHsZmtmvTD61fKKDWHcc2oJt-O2kRn8qzIxWDRaNy9hxyXlumpD7k1ziWUF_hgZxtXLrdxl1tj_fkgolfRcFFqjp7vbc3zOoopIK4tDS8R4BAQORO-Yn30t66Gi2HUyuOq6Ww2sDvSi-3P1Fq9Dz7vP3iH_J7em0rk3Xd__cQ89aa2pP1CaWsMkz7e_0h9OlLw1WqT6ZnnBjyZ5NAfLA6P0jXEmbZFBZo8522S1l4Y4H_1PgCVy1ZcmN18vcGLX-XCmbKzZXlhkCszpsgK-7-QLpmF58WS9A5IqAcenBF6StzYkeGW00~2?etext=2202.gdfgfCWnvB9GlrGBkp-xUpCvYdyMO_Fo6S3la6_nlCdjdWtxdWt3bGN0aGZmd2R6.f9dd119dc25e6271ee267db4e5b0690718b3ef74&from=yandex.com%3Bsearch%3Bweb%3B%3B0%3B&q=spotify+apk+download,Yandex
https://apkmentor.org/spotify-premium-apk/,Yandex
https://5play.info/spotify-premium,Yandex
https://apkmody.mobi/apps/spotify,Yandex
https://www.rustore.ru/catalog/app/com.spotify.music,Yandex
https://freesoft.ru/android/spotify-2396,Yandex
https://spoti.plus/,Yandex
https://programmy-dlya-android.ru/multimedia/audio-pleery/675-spotify-music.html,Yandex
https://spotify.softonic.ru/android,Yandex
https://www.5play.app/spotify-mod-apk/,Yandex
https://androides.ru/1162-spotify-premium-mod.html,Yandex
https://yabs.yandex.ru/count/WeeejI_zOoVX2La70kKJ08CbaTum0RrfzqIi4G5l1GHqwFEvtDcp_SwTDzpv-XslDzpX6XKj9P4OibQDY4Wi8OqGEgBMHLOP0-o0APjF62wIxdoKocQNClMBY477qGYFgat9erMNiixMRv7YOXXdXPKbrj6QQ6Hok5AQ2q67gO6j7aKAQ48N4Av0iW3kYYz72j2k-89NW7R55oC5Q5TykIj0kwBBOW7Q5Lsi5A1TqKMn0EsABbKAqAxeKYv0kw8BbGAqAxea5g1TySL8pjT4s4AKrix69wUhL5RMvKFOV_1w3zpdjAOErNX6dzBSZaBpAVw4Ik_dxRHhQ2wrfzBS-OnERHoNsYjmi34zi58_Zj2bARdndi1ckNqxZo1iDpiDdw5hvJgVRvXil1VmR7OVYBK17C06BW9nauHRIRidX68DUzEEIHAjXYqzLLEUuR355KBbpn787GsNfjcsuJ1y8As6X02-Ldmn4i3M0QrsBw8uUAYBpHM9gyAW1OfI12xlQcjnpyAMgUiwqmoP3cloqAEmzHHqc0bb2rTLHcB8JHqBPjAnUeoOZj5XlXowx40B0Dpi0jC5aljyGDSt2Pfw5_2Qt0jupNtv3VpXcIFS3sxH_TyLTT-xekvpDzZxEsqayMjfxkFFqjn7fjaZqS8i-ySZp765n2wac6waG8zbQ33EM10eUiSP2m95RsaiN_PfW7o2dkpxi1oA_PZsO0Im1W___3T74oI3PCacI0R9NklrU0HcjNov0WMBZXuzbcYNZxbIgLJAW6nnP2zXb5-063u0eD0n0ICH_1PgCVy1-F7wwj732OiCQN39AZlSZotZXd7xr443UEaS6ZnIeEoeeaLTfecooDcDXOYh4000~2?etext=2202.RbaiMYFsLFppGmynidjMh_aTRPMvhKgiEsCL8R5Sto14bGt4bGtueGNtZHZsb2tk.fad36c687d56883492ca1d84a8323b38ec68b713&from=yandex.com%3Bsearch%3Bweb%3B%3B0%3B&q=spotify+apk+download,Yandex
https://androides.ru/1162-spotify-premium-mod.html,Yandex
https://www.5play.app/spotify-mod-apk/,Yandex
https://www.alpha-ag.ru/programs/21821-vzlomannaya-spotify-premium.html,Yandex
https://pdalife.com/spotify-music-android-a16025.html,Yandex
https://www.spotify.com/,Yandex
https://dlandroid.com/spotify-music/,Yandex
https://apkitech.com/spotify/,Yandex
https://modder.me/spotify-premium-3.html,Yandex
https://appdroide.net/spotify/,Yandex
https://spotipremium.com.co/,Yandex
https://yabs.yandex.ru/count/WeqejI_zOoVX2La60lqJ08FbaTum0RrfzqIC2mBU2WZeqETpkRDd-vqxRxZpzJjURxZ3DIfQIY8nPAqQ4P5OGXeXT4IjYwmo1jW1KpQVC5mCXgDA7y5og8862C2WusY4HzMcvD6gIrbdwxT8SJ6CiyBA4kjeJJGoELmfpOMWmzJ0LeyY1JIX2mXN85a0TyMN8mLeLtp1Aq2xuekH0hGhljmLe5tHPR40xOekLWhGhkYYM81sHPSg1MXNT2aNe5tHXKe1sXLT4WlGhlXY9ETh8Xm0JGG5V4tcT9NAohfy2FiFNk-1-vpMrA4QqMZKjlFfBPL2yrmQTKQVqTg-dSyy2hMVqQcDur9R0XniJ0-ir8yZT6bARhmdi5bktyuZ2DlDJjSJmPKr7UVp3PEDzmAUpUu3iJQ00zZ0HI1kad0hQVU4KAnXRzenIQBLiAMdQiep7BQuGgZyEGAve-7IDDis78OFfDMG4C3NYYz60jWweDNkHHG73tMnkI9nLHYqG56AmELTRItkMTWoTLrdcY7JOKqUUXIsde8ECw5iuQhAI0ovgMF1J3fMZn7JCJhCbqCNgGiKA1714gOB9FVvWAvl4ZJrBk0rkHVmcllo6_Z3CqUu7zmYxNzNr7tlYhhFtM3lxxIHBbzBSnz_bkO-Cis-hOrPzez7cECAYLr8CTrOWHxBq62SiI1Gz8up5WIAtj9OlkpJ0Fa4FTdtOJaK-p7jmGXW3Hx--M-E9aW6oP9Da0oIlTRhyGZCQlbo1GeM7JrwBD4k7tEbKgcK0Td2XhriAZ_N5XznD99KAGGH_9PfCVy1VcWN18vcGLX-XCmbKzZXlhkCszpsgK-7-QLpmF58WS9A5IqAcenBF6StzYkeGW00~2?etext=2202.XGRj0a7BGXFvZt09g7OyY1TkD6gn3hu4hrjoV3upsW1vcG54c3FrenZ4d3BrZ2Fq.d4c794c725100b2775e57bb540138fcb35043e76&from=yandex.com%3Bsearch%3Bweb%3B%3B0%3B&q=spotify+apk+download,Yandex
https://t.me/EasyAPK/25384,Yandex
https://spotipremium.com.co/,Yandex
https://appdroide.net/spotify/,Yandex
https://spotifypremiumapk.download/,Yandex
https://thinkkers.com/spotify-music/,Yandex
https://latestmodapks.com/spotify/,Yandex
https://spotihax.com/spotify-premium-apk/,Yandex
https://www.spotifyclub.com/,Yandex
https://kingmodapk.net/spotify-premium-mod-apk-4/,Yandex
https://techbigs.com/spotify-premium-3.html,Yandex
https://yabs.yandex.ru/count/WeqejI_zOoVX2La60lqJ08FbaTum0RrfzqHi4W5l1GHqwFEvtDcp_SwTDzpv-XslDzpX6XKj9P4OibQDY4Wi8OqGEgBMHLOP0-o0APjF62zG2EbJUWWcPGI8qSEWusY4HzMcvD6gIrbdwxT8SJ6CiyBA4kjeJJGoELmfpOMWmzJ0LeyY1JIX2mXN85a0TyMN8mLeLtp1Aq2xuekH0hGhljmLe5tHPR40xOekLWhGhkYYM81sHPSg1MXNT2aNe5tHXKe1sXLT4WlGhlXY9EThOaz65GrdOP2Shb9PMPSFOV_1wprmdzEQEbG3AhsZqVmvbThuD3g5EftIkxwXpcYEFv_FwDJ6SQaj0GusfWTMwiSHkZGbDzuJs2otR-SHXErcxy811n7yAZYVRvXil1VmR7OVYBK17C06BW9nauHRIRidX68DUzEEIHAjXYqzLLEUuR355KBbpn787GsNfjcsuJ1y8As6X02-Ldmn4i3M0QrsBw8uUAYBpHM9gyAW1OfI12xlQcjnpyAMgUiwqmoP3cloqAEmzHHqc0bb2rTLHcB8JHqBPjAnUeoOZj5XlXowJ3L-mK4m2TC5aljyGDSt2Pfw5_2Qt0jupNtv3VpXcIFS3zuWxNzNr7tlYhhFtM3lxxGKjw-bkOy_ItCVcMRlX8bPzez7cECAYLr8CTreWHxBq62SiI1Gz8up5WIAtj9OlkpJ0Fa4FTdtOJaK-p7jmGXW3Hx--M-E9aW6oP9Da0oIlTRhyGZCQlbo1GeM7JrwBD4k7tEbKgcK0TaY0FQogVnZX8uN21cJCWeH_9PfCVy1VcWN18vcGLX-XCmbKzZXlhkCszpsgK-7-QLpmF58WS9A5IqAcenBF6StzYkeGW00~2?etext=2202.FZ3r6UBg2gz764SwyS8JA4SO9EgyMJ78bg1lLia9v5h1ZnB6ZGViYWZ6dmFzbGZ1.ed3c9664de46b9bb53701fcc9b24217724598e3a&from=yandex.com%3Bsearch%3Bweb%3B%3B0%3B&q=spotify+apk+download,Yandex
https://yabs.yandex.ru/count/WkSejI_zOoVX2LdJ0iqM0FFedTum0RrfzqHi4W7lHq27Ff_BdJtRxznvmvslt_5wmnqkLQXQ5C7qbawVKEVzd3hlQ3I7HdDRYEZ7gYIKz4EbWKIjOQJqSqMo7ltSU2OjtHWwgfDeMAj5r1iaaegCX9IEX922ae2MQgMWfQeHqX49AvAHKj88fQjHqX8IcBBvXF42XP0-fOTWKaQ063qCEev-PqEKSWRov4gBpjPB5ScwsNL9KYM5oU5AQIw45L-E5A1TyGMl0EsABqOAqAxuSbU0TaMNnGAqAxfOAK2xeejY0TeLNQeKe5tHfLo0TaKNAWLeLtH9B42xuekHdA-9icQu1AO4WZbTfJmcNa2eswEqGVRn1HdW-vpMrA4QKEaTZURFgTJ6fz4frEcKtlKDTKPp_FbyHgSsZajj2N2mCJsmKZ-EqAKfkV5wmID21cM17AckBHll1Joi3U00Dd0Ja7oi8jm9xPuGYZNiJJicITwUa0pMY34uwRjUetFOuWgXykS8v8w6IzDist0OFf1MGq80Nok-60bWwu2ktOie3XxgOdD5ugemQ6aTkvKeU1VCG56AmELTRItkMTWoTLrdcY7JOKqUOGhRg31p3BcfOy5CEbQF4TCnEeSkKurVS11CmdI1v3uVqFLDWgRU1Rmczm9USmVHLEM7VGycOn_ikN3zhpzq-rv_wFQvTDMJlyFmfNrjCpByiyt8CDDiGI6px9aMcMFcqijSxXKIkv1Ykj42FPQXmHoma3JIEmSi98tqTYdeo_vgInRMa_qIDQf5FwOz686kjoQA_djFqR_8-fiLFA_rUk8wIRiaQJks435yx8ANZxbIgLJAW6mH07l9HFchMA6TXOn96GKV_4Z7XMm6g3jo_HgaeircBq4eTkO9oUnVDNrls40uQZDOqnKHYXWDke9wHBSEnOjfI-VzfaRs8EU_E4o_DIJ40aUKwgfpdIyx1ro56NvarWUUfaPOT2Wx8tPZJE781000~2?etext=2202.FZ3r6UBg2gz764SwyS8JA4SO9EgyMJ78bg1lLia9v5h1ZnB6ZGViYWZ6dmFzbGZ1.ed3c9664de46b9bb53701fcc9b24217724598e3a&from=yandex.com%3Bsearch%3Bweb%3B%3B0%3B&q=spotify+apk+download,Yandex
https://spotifymodapk.com.in/,Yandex
https://kingmodapk.net/spotify-premium-mod-apk-4/,Yandex
https://rexdl.com/android/spotify-premium-apk.html/,Yandex
https://www.tvbox.one/apps/spotify-music.html,Yandex
https://spotyfihub.com/,Yandex
https://rajaapk.com/spotify-premium-4-5-0-792/,Yandex
https://corandroid.com/media/music/185-spotify.html,Yandex
https://ifandroid.com/applications/133-spotify-premium.html,Yandex
https://www.spotifypremium.download/,Yandex
https://spotihifi.com/,Yandex
https://yabs.yandex.ru/count/WeqejI_zOoVX2La70lqJ09FbaTum0RrfzqJ84mBU2WZeqETpkRDd-vqxRxZpzJjURxZ3DIfQIY8nPAqQ4P5OGXeXT4IjYwmo1jW1KpQVC5wiCVaeFGHMC61ouuT1nz48ZwfDoQDLbxBErc-Huc8OPuML9TRHccXaShXIcWj1Xwc1hHv52cX25n2kGB80xeelHmhGhlY2Lu1snHSZ1MXNVBahGBkYos81sXLTh1IWNT55iG3jYYvL2j2kw58kGBkY2vK2j2kw91QWNV75ICxNXDwAgRmZDYHpkafbPLq-XFq7h_V0VKvhwb2Dvpt5fqweDC-TKMXktxVKhfyvz6b7fyzdT6hZkDHUWOEDwO6L-d64Bat9ZVS4Diljsta4ORlPBxY0KaH6n_bymsJZlO1di_j0h0tW03Pm4OYR9DnAsZqX56lOctPCacWrREcfcl8CXosk42f_Za3kQBWqpRODX-43QJKa1F2ruekH0BOEQBLx4QyuUAYBpHM9gyAW1OfI12xlQcjnpyAMgUiwqmoP3cloqAEmzHHqc0bb2rTLHcB8JHqBPjAnUeoOZj5XlXowK8bPk002Ap1T8BdF1tHzaw2fTm6loRs0rzoNty0VdZd2_M0OuVzTKVUzA-e-TuEzlzE0T5zBSnz_bkO-CitUIY2px1-FCCSL4hkGOheH0psMeS4uOq6Ww1rdB0WKlQMnVDcd0V89UhBlmt8ezcFQWn706ZpyyzySJP0CaYMR81aaUwtNun6OrVBb2XGiEdhqMA9TFkPAfL8f0xB5axs4KVwgIF07JQYDAm8H_1PgCVy1-F7wwj732OiCQN39AZlSZotZXcFVd6yCBvr3WaSAb3YgQ57B554cSdPZ8L8g1000~2?etext=2202.DwzV7Eq-gmFsRIRKiEUkT9uQtffS-x4DiaoEs_NEUfZjYXdvbXB4cndia29wd25m.a90bf3a75cf5e90e23dd77cbc32ea1719acdad8c&from=yandex.com%3Bsearch%3Bweb%3B%3B0%3B&q=spotify+apk+download,Yandex
https://yabs.yandex.ru/count/Wl8ejI_zOoVX2Ldj0YKN09DfeDum0RrfzqJ84mBUZu0EVJwNEtkstxdpXZjVl-FrXZjS5Ja86mK-1U540M9wIwTFgFD-JfrtD9f3exajHFHZLH9A-g7IGABMC5BwkI9PZtvkF4aaBTqOEggJQ5YhHTGR99AAZ8IKZeIGWfA0bcgbeAMg4T8H2IkIaLBI2AMhKT8IakCEcBBvXF5YZSb7wI6mWW6J6pyCEev-PqEKSWRov4gBpjPB5ScwsNL9KYM5oU5AQIw45L-E5A1TyGMl0EsABqOAqAxuSbU0TaMNnGAqAxfOAK2xeejY0TeLNQeKe5tHfLo0TaKNAWLeLtH9B42xuekHdA-9BWTVdFHHkI2dgvJ7n0i8TNkKDiW-lY03V9_JcZfKutbFyQaJAirpPnIQs_SjjUjd3dtQqUdp6PtQE2wrL-1WOtfWfNuSeKjJSkDrQlEw0v2I8zMrPUEzW8Ur0Hp01cu2aezLX3kXtHD2iOQzQSSaoTiJai4QCGOdVTThT0vRN25K_Xo1tD5mQPfj6mx31z9gI0ZWQyKN8m5i7T2rUn6lE7YeYyqLYQl2eALrx5QYu5qm0qKf0fTtjRMuPs7Br7MTQOPCXpLvX2bieyBCCUIcZWKpwLWzHap7w1owK8bPk002Ap1T8BdF1tHzaw2fTm6loRs0rzn1D5NvOT-3oTW7-yR6__LwMhxNwsdvNEyezdUO8N1VszpgyRFDhHvCymQ0pB9dMcIEcKilSxbNIEn2Ykb63FHOXWPpm4BIIEySi90qqjkbe2_xgorPM4_sIzIe5lsOzc04kjwQAFhlFKN_8kjlLl2yrkk9woJjagJjs4B4yB4BNZxcIgLIAGEonPEzlAByTGCM_6X2RLmH8FnOuiNvD-aO53S33Yqvh5sauesK95Ty5kG6LjzwXmtgHCQdWBqLPOoBPa4gY2I1jq-g5Dv0RdG-zQhHn_wjGLuGkC9wrSKAUtCEjW0pSEki3npg6c7HGEzITcDycHy7~2?etext=2202.DwzV7Eq-gmFsRIRKiEUkT9uQtffS-x4DiaoEs_NEUfZjYXdvbXB4cndia29wd25m.a90bf3a75cf5e90e23dd77cbc32ea1719acdad8c&from=yandex.com%3Bsearch%3Bweb%3B%3B0%3B&q=spotify+apk+download,Yandex
https://spotifi.net/,Yandex
https://top-androids.ru/2506-spotify-music.html,Yandex
https://sspotife.com/,Yandex
https://apps.qoo-app.com/en/app/6384,Yandex
https://spotypre.com/,Yandex
https://spotifyapp.su/,Yandex
https://spotich.com/,Yandex
https://www.spotifysound.com/,Yandex
https://spotifyapk.one/,Yandex
https://android-fest.ru/2023/08/05/spotify-premium-mod/,Yandex
https://yabs.yandex.ru/count/WemejI_zOoVX2La70lKJ09EbaTum0RrfzqI850BU2WZeqETpkRDd-vqxRxZpzJjURxZ3DIfQIY8nPAqQ4P5OGXeXT4IjYwmo1jW1KpQVC330G6DIgMnsgM0ATmo3ZgCH7bMRaaUhBcMThTyYnSKmpWehIwoZDT78v72bD1U23bC3MpsA5D24BY1SWMG1t1LVZXIWNV45hm3jYYz62j2k-79NW7P5byK2j2kwM2b0kwABOW7Q5Lsg5A1TqQLSW7P55oe5Q5TqIIn0k-ABaPol2JsP3K6ie6YGqrKgA-lo8Um_UBq7xdDQKuTgs7X-F-reda_jv_HvtpR-jElfxPm-S-ZzZ4vj79VQAt2mCJsmKZ-EqAKfkV6Um6QvVJkF86mtE-440A1fFfpFDqmstWjuDhiFnDe03c035u6uISAjfDqJGh66lMd798bMmvQUgYdFSDZY2g7ovmZaZePBqspRS1W-a5P3GW1VAxuO2M3hW5Qx5r4SFDJ5veh4LM7G0aKf0fTtjRMuPs7Br7MTQOPCXpLvw57OUWewp8IoXQig8p7afeu5C-bOFKPCn-WmNmvTj1-EP9jTOBf0SfyFwFecGLFl0bwJUm6lkI-_WJyySuJxmHWy-TyLTT-xekvpDzZxE-stusjfxkFFqjn7fjbR2MIM_UCHvhX2OXTIJ3TceCSoD1XdB0WKlUEC1O6YjpIMB_iqG3v1J_PzM0x5VanxC09OWuT__fkZ2P91icGJ98Dah_LwF0ApMhvSWO95HuyUIxJBnrofL2fbGBQGifSmobz1a76F3WwCJ17y5cen_m6ER1S4ZcP1M7w4p2LJsE6-kupRtFQfJuVvfNF0yKY1maeLBGgQZ4iyPpVsAwX2~2?etext=2202.aEU18eFYuBvnJrtnSghXM-ohmd5BwQG1JKVncthx6TRzY2R2eHBqaHJxaGZldmFn.c424c52f4c58de95eea20c62e18495669e6dbbed&from=yandex.com%3Bsearch%3Bweb%3B%3B0%3B&q=spotify+apk+download,Yandex
https://yabs.yandex.ru/count/Wl8ejI_zOoVX2Ldj0YKN09CfeDum0RrfzqI850BUZu0EVJwNEtkstxdpXZjVl-FrXZjS5Ja86mK-1U540M9wIwTFgFD-JfrtD9f3exajHFHZLH9A-g7IGABMC5BwkI9PZtvkF4aaBTqOEggJQ5YhHTGR99AAZ8IKZeIGWfA0bcgbeAMg4T8H2IkIaLBI2AMhKT8IakCEcBBvX8411XgJIcMpImLJk6COT1pzpeOevGpaoPKMdQsNAf9ri-kIf4eAayELqbm8AxuSAK2xuWjU0TeLNumKe5tnvQu0xOekYmLeLtInKe1sHHV50hGhkbGfGBkYIxa0xOekL0hGhkYIM81snHSZELyJNHox2V92uCdfAkKnyG92tHwb3RAFByW0t-UqfWxLiF7yVjhHF9_Qp-dplctyQTVJspbzvj3x6PtQE2wrL-1WOtfWfNuSeKjJSkEr4GG707WSv4XrRTbuB-1XRG07i86RWEHZ5U5EQFU4KAnXRzenIVBsX6ImHep1IT_r6ft35bS8bJz787SqN9fcsuR3y86q6X82-5hnnKW0MmTqxLv4SV1G5vih4bU5GKlhsAr4mRjW1efI12xlQcjnpyAMgUiwqmoP3clo25FOHeMPOyXD7Gjcqh5wZ9YEqJbqqNuuacrsWUa2oNq-eEkR14sz2tXDxWMyvWwYgSeF-nvCnZxOC-BzhzV3yhrU3yldUiSWVuSf0_ArpIscdsrkCJ7D6m0oovvfaJbcBhtCvLuXiGiffXipq6CP6im12qaZlNF0Gj98RvU2lkoljcHXFTalKQDQz6FQWn7eUckYwB_t5FsBhBzPmVDQhoUkaxHBahPZ2n73novu-PWhbKgb3CWMKlRoYl87PYL-qS61aGaW_5ZYnVatwHWKDmCEBJciNQJYZPGaLtmMv0PMttg73Uf4ngU0lHLbZ8jcGIe8aiZn8gt9yKvp8_ZfqOy--xS61e706TMwwbuXRyw15s06cJhh0rzV8omwwicKtHXJbSS1~2?etext=2202.aEU18eFYuBvnJrtnSghXM-ohmd5BwQG1JKVncthx6TRzY2R2eHBqaHJxaGZldmFn.c424c52f4c58de95eea20c62e18495669e6dbbed&from=yandex.com%3Bsearch%3Bweb%3B%3B0%3B&q=spotify+apk+download,Yandex
https://android-fest.ru/2023/08/05/spotify-premium-mod/,Yandex
https://apkspotify.com/,Yandex
https://modsfire.com/1935xDNtdpYXj04,Yandex
https://play.google.com/store/apps/details?id=com.spotify.music&hl=ru,Yandex
https://moddroid.com/apps/videomusic/spotify-premium-apk/,Yandex
https://modyolo.com/spotify-music-2.html,Yandex
https://trickscrunch.com/spotify-premium-apk/,Yandex
https://apklite.org/spotify-mod-apk-1/,Yandex
https://apkvision.org/app/media-video/spotify-music-12044/,Yandex
https://apkity.com/spotify-plus-apk/,Yandex
https://yabs.yandex.ru/count/Wf0ejI_zOoVX2La80XKK0EFbajum0RrfzqI85GBU2WZeqETpkRDd-vqxRxZpzJjURxZ3DIfQIY8nPAqQ4P5OGXeXT4IjYwmo1jW1KpQVC30OOK84IXz1qn2AgG-3ZgCH7bMRaaUhBcMThTyYnSKmpWehIwoZDT78v72bD1U23bC3MpsA5D24BY1SWMG1t1LVZXIWNV45hm3jYYz62j2k-79NW7P5byK2j2kwM2b0kwABOW7Q5Lsg5A1TqQLSW7P55oe5Q5TqIIn0k-ABaPolYN0tWXDMVndaT9NAohfy2FiFNk-1owB7fxRpPorZY8OKltFf57hdDZGgpQNHATHfrxbzG-te4tz6fpQEIsqMEDWQPr9y67QzGEcwyPx0PhbzEuyWR3Vx13Em60ucpkSR9Xll1JoRtGTYRG07i86BGDmauLRIxWcXMCFUj6EIHAjXIq_Lb6SuR765KFbp1797mwLfjcqu31z8go4XWAyLNum4i7L0gzsBA0uUwc9pHUAgC6Y1eXI1oxlQMjopi6NgkiuqGwR3cZpqA6mz1HrcGjd2LPMH679JnuAPTAmU8wPZT9WlXouzwfpK29emNI2vpmTqVPEWgNS1hyczWDVSbz_07vuvmltW5sp_kwBkUrVKVUu6Ut-davY_bkO-_YpDVMIQlPL0Pja_7c6EAoHs8SLqOmqzbg71E6D1eEWTPom85BsbiNpPfm7o2NgoxyDoAFPZseCHm1ey_FFV74sG398bco0P97kjr-CHcDNovGeKB3fwz5YYNJxcIgLIAGEoXPMzZ55-2r38k2u009aY4FoXQc7yo7RnmMWJYgLVmq1o1G_ttatSxBnFFUgLTvs3bYC5IbTKqQAWGnpXZjtOB_A40G00~2?etext=2202.GP_wYlMhIFNkKZqjWnP6xJFJ2fscAqmvKgfs8EkBGvR5ZGx1eG5oempsemhjcWtx.add578c34e6612570cb518d44a0a5690b063859f&from=yandex.com%3Bsearch%3Bweb%3B%3B0%3B&q=spotify+apk+download,Yandex
https://yabs.yandex.ru/count/WkeejI_zOoVX2LdL0kKM06Cfdzum0RrfzqI85GBUZu0EVJwNEtkstxdpXZjVl-FrXZjSgb2rA8BfBPq-eSxxENNUqMWEZUQs4D6FLKaewOTA0ubQmqZfvufaFVgvyIIHj7HZwAXEec6j5b5la4WgCX9IEX922ae2MggLWfQgHaX79An8Haf98vIkHabBI63AvXC61YDCY43f8sWQGZ7rOT1nz3iRefGpa2TNMdIsNgf8riskIv8gAKmELqfp8QpuSgG0xOelU0LeLtmnKe1snPUx0hGhkYmMe5tHnKe1sXLT50lGhkXIfG3jYYxb0hGhkb0fGBkYIs81sXLVZEHyJPJD9371Q_QShb8U4oyWrErHsY3x-88Cy6NHurFR-REMCKH3Yj-vT0gzSniQbURIw1JgjElSlg5sz8a_erCRnwKs2nniZJCfFWoxNg1qtNXll4Y0QbH2ZbJNbett0XxM1d006xW9I3vM4Uw4Tay8nHhsfXsJ96zFI0Phn1YSz5slqJbiSOLG-NC4SaV3fMcsRJWC7qYh8I60hnLVZ0ImTK3NxaKK1mzriRaYSLKOjBIEtKeKl0jce2X5uFAkjXRtB6oPkguppP3fi2QFC8LjL9WvXjpKiM0c7Ql7YEaOdKEN7dLEQWHDc2wGtES3khv9qDIxWDVaNi1hxWb8SVsm5tBaoGVJMc3_w_M-VA_N-_Avtj7xzvW_xjSsjxu_szpwCiqR03BBdccHEMOklSpbNY6n2occ6sleiGmDve25f97UEM0XQQItIq5VzbTRih2Ux9UeKItwCUt127IzDL7qttkA_aNMtwpWUQtN4zT9sYL9sx65YE5Z5xnyp9LAfL86P0ihUzb4-McQT16w001aYXxyIiU5S0QeMvNzcgH2PhU781OFysw1ti5gl3zic3ggC_YuZmk530-g1NLOvdZXk3Uz1_j8a_E09qpjMyE7Qk20jguw5y69S-YzCCCEoVh0sSK8YuA4CCnkZ6aAam00~2?etext=2202.GP_wYlMhIFNkKZqjWnP6xJFJ2fscAqmvKgfs8EkBGvR5ZGx1eG5oempsemhjcWtx.add578c34e6612570cb518d44a0a5690b063859f&from=yandex.com%3Bsearch%3Bweb%3B%3B0%3B&q=spotify+apk+download,Yandex
https://www.spotify.com/us/download/android/,DuckDuckGo
https://apkpure.com/spotify-music-and-podcasts-for-android/com.spotify.music,DuckDuckGo
https://spotify.en.uptodown.com/android,DuckDuckGo
https://www.techspot.com/downloads/6773-spotify-for-android.html,DuckDuckGo
https://apkpure.com/spotify-music-and-podcasts-for-android/com.spotify.music/download,DuckDuckGo
https://gizmodo.com/download/spotify,DuckDuckGo
https://apkpure.net/spotify-music-and-podcasts-for-android/com.spotify.music,DuckDuckGo
https://spotify.en.uptodown.com/android/download,DuckDuckGo
https://apkcombo.com/spotify/com.spotify.music/,DuckDuckGo
https://www.soundguys.com/how-to-install-spotify-apk-134773/,DuckDuckGo
https://www.spotify.com/us/download/android/,DuckDuckGo
https://apkpure.com/spotify-music-and-podcasts-for-android/com.spotify.music,DuckDuckGo
https://spotify.en.uptodown.com/android,DuckDuckGo
https://www.techspot.com/downloads/6773-spotify-for-android.html,DuckDuckGo
https://apkpure.com/spotify-music-and-podcasts-for-android/com.spotify.music/download,DuckDuckGo
https://gizmodo.com/download/spotify,DuckDuckGo
https://apkpure.net/spotify-music-and-podcasts-for-android/com.spotify.music,DuckDuckGo
https://spotify.en.uptodown.com/android/download,DuckDuckGo
https://apkcombo.com/spotify/com.spotify.music/,DuckDuckGo
https://www.soundguys.com/how-to-install-spotify-apk-134773/,DuckDuckGo
https://www.spotify.com/in-en/download/android/,DuckDuckGo
https://www.spotify.com/za-en/download/android/,DuckDuckGo
https://www.apkmirror.com/apk/spotify-ab/,DuckDuckGo
https://www.spotify.com/sg-zh/download/android/,DuckDuckGo
https://spotify.it.uptodown.com/android,DuckDuckGo
https://www.spotify.com/us/download/windows/,DuckDuckGo
https://www.spotify.com/id-id/download/android/,DuckDuckGo
https://apkpure.net/de/spotify-music-and-podcasts-for-android/com.spotify.music,DuckDuckGo
https://apkpure.com/de/spotify-music-and-podcasts-for-android/com.spotify.music,DuckDuckGo
https://spotify.de.uptodown.com/android,DuckDuckGo
https://www.spotify.com/us/download/other/,DuckDuckGo
https://www.spotify.com/in-en/download/windows/,DuckDuckGo
https://apkpure.net/spotify-music-and-podcasts-for-android/com.spotify.music/download,DuckDuckGo
https://apkpure.net/it/spotify-music-and-podcasts-for-android/com.spotify.music,DuckDuckGo
https://spotify.en.softonic.com/android,DuckDuckGo
https://www.spotify.com/us/download/android/,DuckDuckGo
https://apkpure.com/spotify-music-and-podcasts-for-android/com.spotify.music,DuckDuckGo
https://spotify.en.uptodown.com/android,DuckDuckGo
https://www.techspot.com/downloads/6773-spotify-for-android.html,DuckDuckGo
https://apkpure.com/spotify-music-and-podcasts-for-android/com.spotify.music/download,DuckDuckGo
https://gizmodo.com/download/spotify,DuckDuckGo
https://apkpure.net/spotify-music-and-podcasts-for-android/com.spotify.music,DuckDuckGo
https://spotify.en.uptodown.com/android/download,DuckDuckGo
https://apkcombo.com/spotify/com.spotify.music/,DuckDuckGo
https://www.soundguys.com/how-to-install-spotify-apk-134773/,DuckDuckGo
https://www.spotify.com/in-en/download/android/,DuckDuckGo
https://www.spotify.com/za-en/download/android/,DuckDuckGo
https://www.apkmirror.com/apk/spotify-ab/,DuckDuckGo
https://www.spotify.com/sg-zh/download/android/,DuckDuckGo
https://spotify.it.uptodown.com/android,DuckDuckGo
https://www.spotify.com/us/download/windows/,DuckDuckGo
https://www.spotify.com/id-id/download/android/,DuckDuckGo
https://apkpure.net/de/spotify-music-and-podcasts-for-android/com.spotify.music,DuckDuckGo
https://apkpure.com/de/spotify-music-and-podcasts-for-android/com.spotify.music,DuckDuckGo
https://spotify.de.uptodown.com/android,DuckDuckGo
https://www.spotify.com/us/download/other/,DuckDuckGo
https://www.spotify.com/in-en/download/windows/,DuckDuckGo
https://apkpure.net/spotify-music-and-podcasts-for-android/com.spotify.music/download,DuckDuckGo
https://apkpure.net/it/spotify-music-and-podcasts-for-android/com.spotify.music,DuckDuckGo
https://spotify.en.softonic.com/android,DuckDuckGo
https://www.spotify.com/id-id/download/windows/,DuckDuckGo
https://windows.apkpure.com/spotify,DuckDuckGo
https://open.spotify.com/download,DuckDuckGo
https://spotify.fileplanet.com/apk,DuckDuckGo
https://apkpure.com/it/spotify-music-and-podcasts-for-android/com.spotify.music/download,DuckDuckGo
https://apkpure.com/br/spotify-music-and-podcasts-for-android/com.spotify.music,DuckDuckGo
https://www.liteapkz.com/spotify/,DuckDuckGo
https://apkpure.com/cn/spotify-music-and-podcasts-for-android/com.spotify.music,DuckDuckGo
https://www.spotify.com/in-en/download/other/,DuckDuckGo
https://www.spotify.com/tr-tr/download/android/,DuckDuckGo
https://apkpure.com/es/spotify-music-and-podcasts-for-android/com.spotify.music,DuckDuckGo
https://apkcombo.com/it/spotify/com.spotify.music/,DuckDuckGo
https://apkpure.net/cn/spotify-music-and-podcasts-for-android/com.spotify.music,DuckDuckGo
https://www.spotify.com/br-pt/download/android/,DuckDuckGo
https://www.spotify.com/de/download/android/,DuckDuckGo
https://www.spotify.com/us/download/android/,DuckDuckGo
https://apkpure.com/spotify-music-and-podcasts-for-android/com.spotify.music,DuckDuckGo
https://spotify.en.uptodown.com/android,DuckDuckGo
https://www.techspot.com/downloads/6773-spotify-for-android.html,DuckDuckGo
https://apkpure.com/spotify-music-and-podcasts-for-android/com.spotify.music/download,DuckDuckGo
https://gizmodo.com/download/spotify,DuckDuckGo
https://apkpure.net/spotify-music-and-podcasts-for-android/com.spotify.music,DuckDuckGo
https://spotify.en.uptodown.com/android/download,DuckDuckGo
https://apkcombo.com/spotify/com.spotify.music/,DuckDuckGo
https://www.soundguys.com/how-to-install-spotify-apk-134773/,DuckDuckGo
https://www.spotify.com/in-en/download/android/,DuckDuckGo
https://www.spotify.com/za-en/download/android/,DuckDuckGo
https://www.apkmirror.com/apk/spotify-ab/,DuckDuckGo
https://www.spotify.com/sg-zh/download/android/,DuckDuckGo
https://spotify.it.uptodown.com/android,DuckDuckGo
https://www.spotify.com/us/download/windows/,DuckDuckGo
https://www.spotify.com/id-id/download/android/,DuckDuckGo
https://apkpure.net/de/spotify-music-and-podcasts-for-android/com.spotify.music,DuckDuckGo
https://apkpure.com/de/spotify-music-and-podcasts-for-android/com.spotify.music,DuckDuckGo
https://spotify.de.uptodown.com/android,DuckDuckGo
https://www.spotify.com/us/download/other/,DuckDuckGo
https://www.spotify.com/in-en/download/windows/,DuckDuckGo
https://apkpure.net/spotify-music-and-podcasts-for-android/com.spotify.music/download,DuckDuckGo
https://apkpure.net/it/spotify-music-and-podcasts-for-android/com.spotify.music,DuckDuckGo
https://spotify.en.softonic.com/android,DuckDuckGo
https://www.spotify.com/id-id/download/windows/,DuckDuckGo
https://windows.apkpure.com/spotify,DuckDuckGo
https://open.spotify.com/download,DuckDuckGo
https://spotify.fileplanet.com/apk,DuckDuckGo
https://apkpure.com/it/spotify-music-and-podcasts-for-android/com.spotify.music/download,DuckDuckGo
https://apkpure.com/br/spotify-music-and-podcasts-for-android/com.spotify.music,DuckDuckGo
https://www.liteapkz.com/spotify/,DuckDuckGo
https://apkpure.com/cn/spotify-music-and-podcasts-for-android/com.spotify.music,DuckDuckGo
https://www.spotify.com/in-en/download/other/,DuckDuckGo
https://www.spotify.com/tr-tr/download/android/,DuckDuckGo
https://apkpure.com/es/spotify-music-and-podcasts-for-android/com.spotify.music,DuckDuckGo
https://apkcombo.com/it/spotify/com.spotify.music/,DuckDuckGo
https://apkpure.net/cn/spotify-music-and-podcasts-for-android/com.spotify.music,DuckDuckGo
https://www.spotify.com/br-pt/download/android/,DuckDuckGo
https://www.spotify.com/de/download/android/,DuckDuckGo
https://www.spotify.com/sg-zh/download/other/,DuckDuckGo
https://apkpure.com/de/spotify-music-and-podcasts-for-android/com.spotify.music/download,DuckDuckGo
https://www.spotify.com/br-pt/download/windows/,DuckDuckGo
https://www.spotify.com/id-en/download/android/,DuckDuckGo
https://spotiifyapk.com/,DuckDuckGo
https://www.spotify.com/hk-zh/download/android/,DuckDuckGo
https://apksim.com/it/apps/music-and-audio/spotify-premium-apk.html,DuckDuckGo
https://download.cnet.com/spotify-music/3000-android-spotify.html,DuckDuckGo
https://apkpure.net/es/spotify-music-and-podcasts-for-android/com.spotify.music,DuckDuckGo
https://apkpure.net/cn/spotify-music-and-podcasts-for-android/com.spotify.music/download,DuckDuckGo
https://apkpure.com/id/spotify-music-and-podcasts-for-android/com.spotify.music,DuckDuckGo
https://play.google.com/store/apps/details?id=com.spotify.music&hl=en,DuckDuckGo
https://spotify.it.uptodown.com/android/download,DuckDuckGo
https://www.spotify.com/it/download/android/,DuckDuckGo
