URL,SearchEngine,Download_Button
https://mobile-legends-bang-bang-vng.en.download.it/android/download,Google,Yes
https://www.taptap.io/app/12934,Google,Yes
https://mobile-legends-bang-bang.en.softonic.com/android,Google,Yes
https://mobile-legends-bang-bang.en.softonic.com/download,Google,Yes
https://play.google.com/store/apps/details?id=com.mobiin.gp&hl=en_IN,Google,Yes
https://translate.google.com/translate?u=https://mobile-legends.in.uptodown.com/android&hl=en&sl=hi&tl=en&client=search,Google,Yes
https://apkpure.net/mobile-legends/com.mobile.legends/download,Google,Yes
https://mobile-legends.en.aptoide.com/app,Google,Yes
https://apkpure.net/mobile-legends/com.mobile.legends,Google,Yes
https://mobile-legends-bang-bang.en.download.it/android/download,Google,Yes
https://mobile-legends-adventure.en.softonic.com/android,Google,Yes
https://mobile-legends.in.uptodown.com/android,Google,Yes
https://ryumotogfx.com/,Google,Yes
https://skin-bang-bang-skin-tool-ml.en.softonic.com/android,Google,Yes
https://www.apkmirror.com/apk/moonton/mobile-legends-bang-bang-3/mobile-legends-bang-bang-3-1-9-32-10241-release/mobile-legends-bang-bang-1-9-32-10241-android-apk-download/,Google,Yes
https://www.taptap.io/app/33653913,Google,Yes
https://an1.com/4959-mobile-legends-bang-bang-apk.html,Google,Yes
https://drone-view-ml.en.malavida.com/android/,Google,Yes
https://moba-legends-5v5.en.uptodown.com/android,Google,Yes
https://zenhub-gfx.en.softonic.com/android,Google,Yes
https://mobile-legends.fileplanet.com/apk,Google,Yes
https://max-game-turbo.en.softonic.com/android/download,Google,Yes
https://hackerbot.net/downloads/165-mobile-legends-mod-apk,Google,Yes
https://apkmentor.org/oscar-mod-mlbb/,Google,Yes
https://fake-gps-location.en.softonic.com/android,Google,Yes
https://msi-tools-skin-injector-gfx.en.softonic.com/android,Google,Yes
https://happymod.com/mobile-legends-bang-bang-game-981-7-mod/com.mobile.legends/,Google,Yes
https://www.bluestacks.com/apps/strategy/magic-chess-go-go-on-pc.html,Google,Yes
https://injectorml.info/,Google,Yes
https://advisor-for-ata-mlbg-changer.en.softonic.com/android,Google,Yes
https://apkcombo.com/mobile-legends-bang-bang/com.mobile.legends/download/apk,Google,Yes
https://game-turbo-40.en.softonic.com/android,Google,Yes
https://config-ml-skin-tools-pd9.en.softonic.com/android,Google,Yes
https://nix-injector.en.softonic.com/android,Google,Yes
https://en.aptoide.com/editorial/mobile-legends-bang-bang,Google,Yes
https://voice-changer-for-gaming.en.softonic.com/android,Google,Yes
https://apkmentor.org/aamodz/,Google,Yes
https://gfx-game-booster-pro.en.softonic.com/android,Google,Yes
https://ryumoto-gfx.en.softonic.com/android,Google,Yes
https://apkmodget.com/games/mlbb-apk/,Google,Yes
https://rules-of-survival.en.softonic.com/android/download,Google,Yes
https://download.cnet.com/ata-mlbg-changer/3000-android-advisor-for-ata-mlbg-changer.html,Google,Yes
https://esports.gg/guides/mobile-legends-bang-bang/mobile-legends-bang-bang-mlbb-apk-download-link-android/,Google,Yes
https://apkcombo.com/mobile-legends/com.mobile.legends/download/apk,Google,Yes
https://shen-injector-skin-ml-tools.en.softonic.com/android,Google,Yes
https://apkbros.com/ltools-pro-apk/,Google,Yes
https://apk.ldplayer.net/games/mobile-legends-bang-bang-apk.html,Google,Yes
https://fake-gps-location.en.softonic.com/android/download,Google,Yes
https://www.liteapkz.com/mobile-legends/,Google,Yes
https://thenixinjectorapk.com/,Google,Yes
https://apkfolder.io/apk/rpg-mod-mlbb/download/,Google,Yes
https://ata-mlbgchanger.en.softonic.com/android,Google,Yes
https://pureapk.io/mobile-legends-mod-apk/,Google,Yes
https://download.happymod.com/mobile-legends-bang-bang-game-981-7-mod/com.mobile.legends/download.html,Google,Yes
https://apkhihe.net/mlbb-magic-core/,Google,Yes
https://www.pgyer.com/apk/apk/com.mobile.legends,Google,Yes
https://apkmountain.com/apk/jhong-gaming/,Google,Yes
https://gameguardian.net/forum/files/,Google,Yes
https://mobile-legends-bang-bang.apkcafe.in/gionee/m7,Google,Yes
https://liteapks.com/mobile-legends-bang-bang.html,Google,Yes
https://rebornimoba.com/,Google,Yes
https://luluproboxapk.com/,Google,Yes
https://mlinjectors.com/,Google,Yes
https://apkgk.com/com.mobile.legends,Google,Yes
https://www.esports.net/news/mobile-games/how-to-download-mobile-legends-mlbb-apk-on-android/,Google,Yes
https://mobile-legends-bang-bang.apk.cafe/doov/m2,Google,Yes
https://worstinjector.app/,Google,Yes
https://rpg-mod-mlbb.apkrabi.com/,Google,Yes
https://www.apkdirect.io/unlock-all-skin-ml/,Google,Yes
https://apkhihe.org/ltools/,Google,Yes
https://apkfolder.io/apk/rpg-mod-mlbb/,Google,Yes
https://nbs-reborn.apkrabi.com/,Google,Yes
https://gameguardian.net/forum/files/file/1014-mobile-legends-hack-god-mode-1-hit-kill-superspeed/,Google,Yes
https://www.mlbbapk.com/,Google,Yes
https://mobile-legends-bang-bang.apkcafe.in/,Google,Yes
https://m.51wma.com/en/games/45696,Google,Yes
https://apk-gamers.com/mobile-legends-apk/,Google,Yes
https://apkcombo.com/mobile-legends/com.mobile.legends/,Bing,Yes
https://mobile-legends-bang-bang.en.softonic.com/android,Bing,Yes
https://mobile-legends-bang-bang.en.softonic.com/android/download,Bing,Yes
https://apkpure.net/mobile-legends/com.mobile.legends,Bing,Yes
https://mobile-legends.en.aptoide.com/app,Bing,Yes
https://mobile-legends-bang-bang.en.softonic.com/android/download,Bing,Yes
https://www.bluestacks.com/apps/strategy/mobile-legends-bang-bang-on-pc.html,Bing,Yes
https://mobile-legends-bang-bang.en.softonic.com/,Bing,Yes
https://www.apkmirror.com/apk/moonton/mobile-legends-bang-bang/mobile-legends-bang-bang-1-2-80-2842-release/mobile-legends-bang-bang-1-2-80-2842-2-android-apk-download/,Bing,Yes
https://www.taptap.io/app/12934,Bing,Yes
https://www.apkmirror.com/apk/moonton/mobile-legends-bang-bang/mobile-legends-bang-bang-1-6-43-6933-release/,Bing,Yes
https://www.apkmirror.com/apk/moonton/mobile-legends-bang-bang/mobile-legends-bang-bang-1-8-58-9312-release/,Bing,Yes
https://www.apkmirror.com/apk/moonton/mobile-legends-bang-bang/mobile-legends-bang-bang-21-8-93-9702-release/mobile-legends-bang-bang-21-8-93-9702-android-apk-download/,Bing,Yes
https://mlinjector.com/,Bing,Yes
https://mlbb-magic-core.en.malavida.com/android/,Bing,Yes
https://www.apkmirror.com/apk/moonton/mobile-legends-bang-bang/mobile-legends-bang-bang-21-9-22-10104-release/mobile-legends-bang-bang-21-9-22-10104-android-apk-download/,Bing,Yes
https://mobile.softpedia.com/apk/mobile-legends/1.8.79.9552/,Bing,Yes
https://www.apkmirror.com/apk/moonton/mobile-legends-bang-bang/mobile-legends-bang-bang-1-8-79-9552-release/,Bing,Yes
https://www.taptap.io/app/33653913,Bing,Yes
https://mobile-legends-bang-bang-vng.en.softonic.com/android,Bing,Yes
https://www.apkmirror.com/apk/moonton/mobile-legends-bang-bang/mobile-legends-bang-bang-19-2-21-104-release/,Bing,Yes
https://mobile-legends.en.uptodown.com/android/download,Bing,Yes
https://apkcombo.com/id/mobile-legends/com.mobile.legends/,Bing,Yes
https://www.apkmirror.com/apk/moonton/mobile-legends-bang-bang/mobile-legends-bang-bang-1-4-47-4822-release/mobile-legends-bang-bang-1-4-47-4822-android-apk-download/,Bing,Yes
https://skin-bang-bang-skin-tool-ml.en.softonic.com/android,Bing,Yes
https://happymod.com/mobile-legends-bang-bang-game-981-7-mod/com.mobile.legends/original.html,Bing,Yes
https://www.touchtapplay.com/mobile-legends-1-6-78-advance-server-apk-download-link/,Bing,Yes
https://mobile-legends-bang-bang.en.softonic.com/download,Bing,Yes
https://mobilematters.gg/gaming/mobile-legends-apk,Bing,Yes
https://esports.gg/guides/mobile-legends-bang-bang/mobile-legends-bang-bang-mlbb-apk-download-link-android/,Bing,Yes
https://www.ldplayer.net/games/mobile-legends-bang-bang-on-pc.html,Bing,Yes
https://www.apkmirror.com/apk/moonton/mobile-legends-bang-bang/mobile-legends-bang-bang-1-7-32-7981-release/,Bing,Yes
https://an1.com/4959-mobile-legends-bang-bang-apk.html,Bing,Yes
https://mobile-legends.id.uptodown.com/android,Bing,Yes
https://www.memuplay.com/how-to-play-com.mobile.legends-on-pc.html,Bing,Yes
https://mobile-legends.en.uptodown.com/windows,Bing,Yes
https://intro-tools-ml.en.softonic.com/android,Bing,Yes
https://www.apkmirror.com/apk/moonton/mobile-legends-bang-bang/mobile-legends-bang-bang-1-9-42-10341-release/,Bing,Yes
https://mobile.softpedia.com/apk/mobile-legends/21.7.21.7852/,Bing,Yes
https://www.apkmirror.com/apk/moonton/mobile-legends-bang-bang/mobile-legends-bang-bang-1-9-29-10113-release/,Bing,Yes
https://apkavenue.com/ata-mlbg-changer/,Bing,Yes
https://www.esports.net/news/mobile-games/how-to-download-mobile-legends-mlbb-apk-on-android/,Bing,Yes
https://mobile-legends-bang-bang-vng.en.uptodown.com/android/download,Bing,Yes
https://www.apkmirror.com/apk/moonton/mobile-legends-bang-bang/mobile-legends-bang-bang-1-9-16-9839-release/,Bing,Yes
https://www.malavida.com/en/soft/mykkie-skin-injector/android/,Bing,Yes
https://apkpure.net/id/mobile-legends/com.mobile.legends,Bing,Yes
https://www.bluestacks.com/id/apps/strategy/mobile-legends-bang-bang-on-pc.html,Bing,Yes
https://apkcaptain.net/skymodz-lite/,Bing,Yes
https://filehippo.com/android/download_mobile-legends-bang-bang/,Bing,Yes
https://mobile-legends.cn.uptodown.com/android,Bing,Yes
https://apk.ldplayer.net/games/mobile-legends-bang-bang-apk.html,Bing,Yes
https://offlinemodapk.com/mlbb-magic-core/,Bing,Yes
https://mobile-legends-bang-bang-vng.en.softonic.com/android/download,Bing,Yes
https://apkavenue.com/cyrax-mods-mlbb/,Bing,Yes
https://apkcaptain.net/xyz-modz/,Bing,Yes
https://www.apkmirror.com/apk/moonton/mobile-legends-bang-bang/mobile-legends-bang-bang-1-3-09-3152-release/mobile-legends-bang-bang-1-3-09-3152-android-apk-download/,Bing,Yes
https://in.video.search.yahoo.com/search/video;_ylt=AwrPo9guXPdn.gEAQSO7HAx.;_ylu=Y29sbwNzZzMEcG9zAzEEdnRpZAMEc2VjA3Nj?p=mlbb+apk+download,Yahoo,Yes
https://mobile-legends.en.uptodown.com/android,Yahoo,Yes
https://www.apkmirror.com/apk/moonton/mobile-legends-bang-bang/mobile-legends-bang-bang-1-6-35-6931-release/,Bing,Yes
https://mobile-legends-bang-bang.en.softonic.com/android,Yahoo,Yes
https://apkpure.net/mobile-legends/com.mobile.legends,Yahoo,Yes
https://apkcombo.com/mobile-legends/com.mobile.legends/,Yahoo,Yes
https://apkpure.net/mobile-legends/com.mobile.legends/download,Yahoo,Yes
https://www.apkmirror.com/apk/moonton/mobile-legends-bang-bang/mobile-legends-bang-bang-21-5-64-6161-release/,Yahoo,Yes
https://afkgaming.com/mobileesports/guide/how-to-download-mobile-legends-bang-bang-beta-advanced-server,Yahoo,Yes
https://www.bluestacks.com/apps/strategy/mobile-legends-bang-bang-on-pc.html,Yahoo,Yes
https://www.apkmirror.com/apk/moonton/mobile-legends-bang-bang/mobile-legends-bang-bang-1-2-80-2842-release/mobile-legends-bang-bang-1-2-80-2842-2-android-apk-download/,Yahoo,Yes
https://mobile-legends.en.aptoide.com/app,Yahoo,Yes
https://mobile-legends-bang-bang.en.softonic.com/,Yahoo,Yes
https://mobile-legends-bang-bang.en.softonic.com/android/download,Yahoo,Yes
https://www.taptap.io/app/12934,Yahoo,Yes
https://www.apkmirror.com/apk/moonton/mobile-legends-bang-bang/mobile-legends-bang-bang-1-6-43-6933-release/,Yahoo,Yes
https://www.apkmirror.com/apk/moonton/mobile-legends-bang-bang/mobile-legends-bang-bang-19-2-11-103-release/,Yahoo,Yes
https://www.apkmirror.com/apk/moonton/mobile-legends-bang-bang/mobile-legends-bang-bang-1-8-58-9312-release/,Yahoo,Yes
https://mlinjector.com/,Yahoo,Yes
https://www.apkmirror.com/apk/moonton/mobile-legends-bang-bang/mobile-legends-bang-bang-21-8-93-9702-release/mobile-legends-bang-bang-21-8-93-9702-android-apk-download/,Yahoo,Yes
https://apkavenue.com/nix-injector/,Yahoo,Yes
https://apkavenue.com/np-modz/,Yahoo,Yes
https://nix-injector.en.softonic.com/android,Yahoo,Yes
https://www.apkmirror.com/apk/moonton/mobile-legends-bang-bang/mobile-legends-bang-bang-21-9-22-10104-release/mobile-legends-bang-bang-21-9-22-10104-android-apk-download/,Yahoo,Yes
https://www.filehorse.com/download-mobile-legends-bang-bang/,Yahoo,Yes
https://www.apkmirror.com/apk/moonton/mobile-legends-bang-bang/mobile-legends-bang-bang-19-2-21-104-release/,Yahoo,Yes
https://mlbb-magic-core.en.malavida.com/android/,Yahoo,Yes
https://www.taptap.io/app/33653913,Yahoo,Yes
https://mobile.softpedia.com/apk/mobile-legends/1.8.79.9552/,Yahoo,Yes
https://mobile-legends.en.uptodown.com/android/download,Yahoo,Yes
https://apkavenue.com/jhong-gaming/,Yahoo,Yes
https://mobile-legends-bang-bang-vng.en.softonic.com/android,Yahoo,Yes
https://apkcombo.com/id/mobile-legends/com.mobile.legends/,Yahoo,Yes
https://gamingonphone.com/guides/mobile-legends-bang-bang-mlbb-how-to-download-and-play-the-chinese-version/,Yahoo,Yes
https://www.malavida.com/en/soft/nix-injector/android/,Yahoo,Yes
https://skin-bang-bang-skin-tool-ml.en.softonic.com/android,Yahoo,Yes
https://www.touchtapplay.com/mobile-legends-1-6-78-advance-server-apk-download-link/,Yahoo,Yes
https://ata-mlbg-changer.en.malavida.com/android/,Yahoo,Yes
https://www.lagofast.com/en/blog/how-to-play-on-mlbb-china-server/,Yahoo,Yes
https://happymod.com/mobile-legends-bang-bang-game-981-7-mod/com.mobile.legends/original.html,Yahoo,Yes
https://mobile-legends-bang-bang.en.softonic.com/download,Yahoo,Yes
https://www.touchtapplay.com/mobile-legends-1-6-10-advance-server-apk-download-link/,Yahoo,Yes
https://apkpure.net/ru/ea-sports-mlb-tap-baseball-23/com.ea.tsb,Yandex,Yes
https://apkpure.net/mobile-legends/com.mobile.legends/download,Yandex,Yes
https://mobile-legends.en.uptodown.com/android/download,Yandex,Yes
https://an1.com/4959-mobile-legends-bang-bang-apk.html,Yandex,Yes
https://mobile-legends.en.aptoide.com/,Yandex,Yes
https://liteapks.com/mobile-legends-bang-bang.html,Yandex,Yes
https://5play.org/en/683-mobile-legends-bang-bang.html,Yandex,Yes
https://mobile-legends-bang-bang.en.softonic.com/android/download,Yandex,Yes
https://www.malavida.com/en/soft/mobile-legends-bang-bang/android/,Yandex,Yes
https://9mod.com/mobile-legends-bang-bang.html,Yandex,Yes
https://www.mlbbapk.com/,Yandex,Yes
https://apkfab.com/mobile-legends-bang-bang/com.mobile.legends,Yandex,Yes
https://pdalife.to/mobile-legends-bang-bang-android-a24074.html,Yandex,Yes
https://www.taptap.io/app/12934,Yandex,Yes
https://pdalife.to/mobile-legends-bang-bang-android-a24074.html,Yandex,Yes
https://apklord.com/en/mobile-legends-chinese-version-apk,Yandex,Yes
https://rawapk.com/mobile-legends-bang-bang-apk-download/,Yandex,Yes
https://androeed.ru/files/mobile-legends-bang-bang.html,Yandex,Yes
https://apkmodget.com/games/mlbb-apk-download/,Yandex,Yes
https://mobile-legends-bang-bang.softonic.ru/android,Yandex,Yes
https://apkmody.com/games/mobile-legends-bang-bang,Yandex,Yes
https://apkshki.com/app/mobile-legends-bang-bang,Yandex,Yes
https://apkcombo.app/mobile-legends-bang-bang-vng/com.vng.mlbbvn/,Yandex,Yes
https://playmods.net/game/mobile-legends-bang-bang(global)/com.mobile.legends,Yandex,Yes
https://top-androids.ru/2347-mobile-legends-bang-bang.html,Yandex,Yes
https://mobilematters.gg/guides/gaming/mobile-legends-advance-server-apk-download-link,Yandex,Yes
https://www.5play.app/mobile-legends-mod-apk/,Yandex,Yes
https://www.5play.app/mobile-legends-mod-apk/,Yandex,Yes
https://getmodsapk.net/mobile-legends-bang-bang/,Yandex,Yes
https://androidloading.com/1020-mobile-legends-bang-bang.html,Yandex,Yes
https://apkrings.com/en/mlbb-china-apk,Yandex,Yes
https://esports.gg/guides/mobile/mobile-legends-bang-bang-mlbb-apk-download-link-android/,Yandex,Yes
https://apkcombo.baixarlivros.net/mobile-legends/com.mobile.legends/,Yandex,Yes
https://apklust.com/en/mobile-legends-chinese-version-apk,Yandex,Yes
https://apkmentor.org/mobile-legends-mod/,Yandex,Yes
https://esports.gg/guides/mobile/mobile-legends-bang-bang-mlbb-apk-download-link-android/,Yandex,Yes
https://apktruemod.com/mlbb-magic-core/,Yandex,Yes
https://apkcombo.telecharger123.com/mobile-legends/com.mobile.legends/,Yandex,Yes
https://apksim.com/games/action/mlbb-apk.html,Yandex,Yes
https://apkcombo.baixarlivros.net/mobile-legends/com.mobile.legends/,Yandex,Yes
https://apkshop.io/mlbb-mod-apk/,Yandex,Yes
https://mlmod.net/,Yandex,Yes
https://www.apkdirect.io/xyz-mlbb/,Yandex,Yes
https://apkcombo.playvoir.com/ru/mobile-legends/com.mobile.legends/,Yandex,Yes
https://apkboat.io/mlbb-mod/,Yandex,Yes
https://apkiphone.net/mlbb-beta/,Yandex,Yes
https://global.app.mi.com/details?lo=ID&la=en&id=com.mobilelegends.mi,Yandex,Yes
https://apkcombo.com/mobile-legends/com.mobile.legends/download/apk,Yandex,Yes
https://apkimod.com/ling-modz/,Yandex,Yes
https://romspure.cc/roms/sony-playstation-3/,Yandex,Yes
https://gamerant.com/mlb-the-show-25-update-7-april-2025-patch-notes/,Yandex,Yes
https://www.xhorsetool.com/info/software-download/,Yandex,Yes
https://rutracker.org/forum/viewtopic.php?t=6675573,Yandex,Yes
https://www.baseball-reference.com/,Yandex,Yes
https://now.gg/,Yandex,Yes
https://en.uptodown.com/,Yandex,Yes
https://sports.yahoo.com/nba/article/2025-nba-playoff-picture-suns-face-elimination-plus-the-latest-clinching-scenarios-164515363.html,Yandex,Yes
https://apkfab.com/weplay-party-game-chat/com.wejoy.weplay.us/download?sha1=bd3c285fcaab10acf31f8725cff8139a57bfcde4,Yandex,Yes
https://www.sportskeeda.com/esports/how-make-lethal-effect-product-schedule-1,Yandex,Yes
https://nypost.com/2025/04/08/world-news/at-least-13-dead-when-roof-collapses-at-popular-dominican-republic-nightclub/,Yandex,Yes
https://www.bing.com/,Yandex,Yes
https://www.si.com/soccer/champions-league-winners-by-year-complete-list-past-champions,Yandex,Yes
https://www.pushsquare.com/reviews/ps5/mlb-the-show-25,Yandex,Yes
https://play.google.com/store/apps/details?id=jp.konami.pesam&hl=en&gl=US,Yandex,Yes
https://apkcombo.com/mobile-legends/com.mobile.legends/,DuckDuckGo,Yes
https://wallpapers.com/,Yandex,Yes
https://mobile-legends-bang-bang.en.softonic.com/android,DuckDuckGo,Yes
https://apkpure.net/mobile-legends/com.mobile.legends,DuckDuckGo,Yes
https://www.apkmirror.com/apk/moonton/mobile-legends-bang-bang/mobile-legends-bang-bang-19-2-11-103-release/,DuckDuckGo,Yes
https://mobile-legends-bang-bang.en.softonic.com/android/download,DuckDuckGo,Yes
https://mobile-legends.en.uptodown.com/android,DuckDuckGo,Yes
https://apkcombo.com/mobile-legends/com.mobile.legends/,DuckDuckGo,Yes
https://mobile-legends-bang-bang.en.softonic.com/android,DuckDuckGo,Yes
https://mobile-legends.en.aptoide.com/app,DuckDuckGo,Yes
https://apkpure.net/mobile-legends/com.mobile.legends,DuckDuckGo,Yes
https://mobile-legends-bang-bang.en.softonic.com/android/download,DuckDuckGo,Yes
https://mobile-legends.en.uptodown.com/android,DuckDuckGo,Yes
https://www.apkmirror.com/apk/moonton/mobile-legends-bang-bang/mobile-legends-bang-bang-21-5-64-6161-release/,DuckDuckGo,Yes
https://www.apkmirror.com/apk/moonton/mobile-legends-bang-bang/mobile-legends-bang-bang-19-2-11-103-release/,DuckDuckGo,Yes
https://www.apkmirror.com/apk/moonton/mobile-legends-bang-bang/mobile-legends-bang-bang-1-2-80-2842-release/mobile-legends-bang-bang-1-2-80-2842-2-android-apk-download/,DuckDuckGo,Yes
https://www.apkmirror.com/apk/moonton/mobile-legends-bang-bang/mobile-legends-bang-bang-21-8-93-9702-release/mobile-legends-bang-bang-21-8-93-9702-android-apk-download/,DuckDuckGo,Yes
https://mobile-legends.en.aptoide.com/app,DuckDuckGo,Yes
https://www.apkmirror.com/apk/moonton/mobile-legends-bang-bang/mobile-legends-bang-bang-1-8-58-9312-release/,DuckDuckGo,Yes
https://apkpure.net/mobile-legends/com.mobile.legends/download,DuckDuckGo,Yes
https://mobile-legends-bang-bang.en.softonic.com/,DuckDuckGo,Yes
https://afkgaming.com/mobileesports/guide/how-to-download-mobile-legends-bang-bang-beta-advanced-server,DuckDuckGo,Yes
https://www.taptap.io/app/12934,DuckDuckGo,Yes
https://www.bluestacks.com/apps/strategy/mobile-legends-bang-bang-on-pc.html,DuckDuckGo,Yes
https://www.apkmirror.com/apk/moonton/mobile-legends-bang-bang/mobile-legends-bang-bang-1-6-43-6933-release/,DuckDuckGo,Yes
https://mobile-legends.en.uptodown.com/android,DuckDuckGo,Yes
https://apkcombo.com/mobile-legends/com.mobile.legends/,DuckDuckGo,Yes
https://mobile-legends-bang-bang.en.softonic.com/android,DuckDuckGo,Yes
https://apkpure.net/mobile-legends/com.mobile.legends,DuckDuckGo,Yes
https://www.apkmirror.com/apk/moonton/mobile-legends-bang-bang/mobile-legends-bang-bang-19-2-11-103-release/,DuckDuckGo,Yes
https://mobile-legends-bang-bang.en.softonic.com/android/download,DuckDuckGo,Yes
https://www.apkmirror.com/apk/moonton/mobile-legends-bang-bang/mobile-legends-bang-bang-21-5-64-6161-release/,DuckDuckGo,Yes
https://apkpure.net/mobile-legends/com.mobile.legends/download,DuckDuckGo,Yes
https://www.apkmirror.com/apk/moonton/mobile-legends-bang-bang/mobile-legends-bang-bang-1-2-80-2842-release/mobile-legends-bang-bang-1-2-80-2842-2-android-apk-download/,DuckDuckGo,Yes
https://www.apkmirror.com/apk/moonton/mobile-legends-bang-bang/mobile-legends-bang-bang-1-8-58-9312-release/,DuckDuckGo,Yes
https://www.apkmirror.com/apk/moonton/mobile-legends-bang-bang/mobile-legends-bang-bang-21-8-93-9702-release/mobile-legends-bang-bang-21-8-93-9702-android-apk-download/,DuckDuckGo,Yes
https://www.apkmirror.com/apk/moonton/mobile-legends-bang-bang/mobile-legends-bang-bang-1-6-43-6933-release/,DuckDuckGo,Yes
https://mobile-legends.en.aptoide.com/app,DuckDuckGo,Yes
https://mobile-legends-bang-bang.en.softonic.com/,DuckDuckGo,Yes
https://afkgaming.com/mobileesports/guide/how-to-download-mobile-legends-bang-bang-beta-advanced-server,DuckDuckGo,Yes
https://www.taptap.io/app/12934,DuckDuckGo,Yes
https://www.bluestacks.com/apps/strategy/mobile-legends-bang-bang-on-pc.html,DuckDuckGo,Yes
https://apkavenue.com/nix-injector/,DuckDuckGo,Yes
https://mlinjector.com/,DuckDuckGo,Yes
https://www.apkmirror.com/apk/moonton/mobile-legends-bang-bang/mobile-legends-bang-bang-21-9-22-10104-release/mobile-legends-bang-bang-21-9-22-10104-android-apk-download/,DuckDuckGo,Yes
https://www.apkmirror.com/apk/moonton/mobile-legends-bang-bang/mobile-legends-bang-bang-19-2-21-104-release/,DuckDuckGo,Yes
https://apkavenue.com/np-modz/,DuckDuckGo,Yes
https://www.apkmirror.com/apk/moonton/mobile-legends-bang-bang/mobile-legends-bang-bang-1-4-47-4822-release/mobile-legends-bang-bang-1-4-47-4822-android-apk-download/,DuckDuckGo,Yes
https://www.apkmirror.com/apk/moonton/mobile-legends-bang-bang/mobile-legends-bang-bang-1-8-79-9552-release/,DuckDuckGo,Yes
https://nix-injector.en.softonic.com/android,DuckDuckGo,Yes
https://mobile-legends.en.uptodown.com/android,DuckDuckGo,Yes
https://apkcombo.com/mobile-legends/com.mobile.legends/,DuckDuckGo,Yes
https://mobile-legends-bang-bang.en.softonic.com/android,DuckDuckGo,Yes
https://apkpure.net/mobile-legends/com.mobile.legends,DuckDuckGo,Yes
https://mobile-legends-bang-bang.en.softonic.com/android/download,DuckDuckGo,Yes
https://www.apkmirror.com/apk/moonton/mobile-legends-bang-bang/mobile-legends-bang-bang-21-5-64-6161-release/,DuckDuckGo,Yes
https://www.apkmirror.com/apk/moonton/mobile-legends-bang-bang/mobile-legends-bang-bang-19-2-11-103-release/,DuckDuckGo,Yes
https://www.apkmirror.com/apk/moonton/mobile-legends-bang-bang/mobile-legends-bang-bang-1-8-58-9312-release/,DuckDuckGo,Yes
https://mobile-legends.en.aptoide.com/app,DuckDuckGo,Yes
https://apkpure.net/mobile-legends/com.mobile.legends/download,DuckDuckGo,Yes
https://www.apkmirror.com/apk/moonton/mobile-legends-bang-bang/mobile-legends-bang-bang-1-6-43-6933-release/,DuckDuckGo,Yes
https://afkgaming.com/mobileesports/guide/how-to-download-mobile-legends-bang-bang-beta-advanced-server,DuckDuckGo,Yes
https://mobile-legends-bang-bang.en.softonic.com/,DuckDuckGo,Yes
https://www.apkmirror.com/apk/moonton/mobile-legends-bang-bang/mobile-legends-bang-bang-21-8-93-9702-release/mobile-legends-bang-bang-21-8-93-9702-android-apk-download/,DuckDuckGo,Yes
https://www.apkmirror.com/apk/moonton/mobile-legends-bang-bang/mobile-legends-bang-bang-1-2-80-2842-release/mobile-legends-bang-bang-1-2-80-2842-2-android-apk-download/,DuckDuckGo,Yes
https://www.taptap.io/app/12934,DuckDuckGo,Yes
https://www.bluestacks.com/apps/strategy/mobile-legends-bang-bang-on-pc.html,DuckDuckGo,Yes
https://apkavenue.com/nix-injector/,DuckDuckGo,Yes
https://mlinjector.com/,DuckDuckGo,Yes
https://www.apkmirror.com/apk/moonton/mobile-legends-bang-bang/mobile-legends-bang-bang-21-9-22-10104-release/mobile-legends-bang-bang-21-9-22-10104-android-apk-download/,DuckDuckGo,Yes
https://www.apkmirror.com/apk/moonton/mobile-legends-bang-bang/mobile-legends-bang-bang-19-2-21-104-release/,DuckDuckGo,Yes
https://apkavenue.com/np-modz/,DuckDuckGo,Yes
https://apkcombo.com/id/mobile-legends/com.mobile.legends/,DuckDuckGo,Yes
https://nix-injector.en.softonic.com/android,DuckDuckGo,Yes
https://www.apkmirror.com/apk/moonton/mobile-legends-bang-bang/mobile-legends-bang-bang-1-4-47-4822-release/mobile-legends-bang-bang-1-4-47-4822-android-apk-download/,DuckDuckGo,Yes
https://www.touchtapplay.com/mobile-legends-1-6-10-advance-server-apk-download-link/,DuckDuckGo,Yes
https://apkavenue.com/jhong-gaming/,DuckDuckGo,Yes
https://www.taptap.io/app/33653913,DuckDuckGo,Yes
https://mobile.softpedia.com/apk/mobile-legends/1.8.79.9552/,DuckDuckGo,Yes
https://gamingonphone.com/guides/mobile-legends-bang-bang-mlbb-how-to-download-and-play-the-chinese-version/,DuckDuckGo,Yes
https://mobile-legends.en.uptodown.com/android/download,DuckDuckGo,Yes
https://mlbb-magic-core.en.malavida.com/android/,DuckDuckGo,Yes
https://www.filehorse.com/download-mobile-legends-bang-bang/,DuckDuckGo,Yes
https://mobile-legends-bang-bang-vng.en.softonic.com/android,DuckDuckGo,Yes
https://www.lagofast.com/en/blog/how-to-play-on-mlbb-china-server/,DuckDuckGo,Yes
